div_id,old_id,name_n,name_ref,name,addname,role,type
obj752,Obj771,obj752-s-1,ppl:gti,"George Ticknor,",,sender,
obj753,Obj772,753-s-1,ppl:agall,Albert Gallatin,,sender,
obj753,Obj772,obj753-m-1,ppl:eco,Mr Coles [Edward Coles],[Edward Coles],,
obj754,Obj773,obj754-s-1,ppl:jmmason,J. M. Mason,,sender,
obj755,Obj774,obj755-s-1,ppl:dbw,DBW,,sender,
obj755,Obj774,obj755-r-1,ppl:mapictet,Professor Pictet [Marc-Auguste Pictet],[Marc-Auguste Pictet],recipient,
obj755,Obj774,obj755-m-2,ppl:amo,Mr Morris,,,
obj755,Obj774,obj755-on-1,org:org_074,Phil Socs of NY,,,
obj755,Obj774,obj755-on-2,org:org_011,Philadelphia,,,
obj756,Obj775,obj756-s-1,ppl:swalker,Samuel Walker,,sender,
obj757,Obj776,obj757-s-1,ppl:johnmcneill,John McNeill,,sender,
obj758,Obj777,obj758-s-1,ppl:_fisher,Fisher,,sender,
obj758,Obj777,obj758-m-3,ppl:swalker,Walker,,,
obj759,Obj778,obj759-s-1,ppl:dbw,DBW,,sender,
obj759,Obj778,obj759-r-1,ppl:wmacneven,Wm McNeven,,recipient,
obj759,Obj778,obj759-m-4,ppl:amo,Mr Morris,,,
obj759,Obj778,obj759-on-3,org:org_074,Philosophical Soc,,,
obj759,Obj778,obj759-m-5,ppl:farago,Arago,,,
obj759,Obj778,obj759-m-6,ppl:jgaylussac,Gay-Lussac,,,
obj759,Obj778,obj759-m-7,ppl:jocham,John Chambers.,,,
obj759,Obj778,obj759-m-8,,Dr Mason,,,
obj759,Obj778,obj759-m-a999,,Mr B,,,
obj760,Obj779,obj760-s-1,ppl:dbw,DBW,,sender,
obj760,Obj779,obj760-r-1,ppl:tco,Thomas Cooper,,recipient,
obj760,Obj779,obj760-m-9,ppl:famichaux,Mr Michaux,,bearer,
obj760,Obj779,obj760-m-10,ppl:brong,Mr Brogniart,,,
obj760,Obj779,obj760-m-11,ppl:cst,Col. T.,,,
obj761,Obj780,obj761-s-1,ppl:dbw,DBW,,sender,
obj761,Obj780,obj761-r-1,ppl:mrmigneret,Mr. Migneret,,recipient,
obj762,Obj781,obj762-s-1,ppl:slmo,Lady Morgan,,sender,
obj762,Obj781,obj762-m-12,ppl:jamescmont,Mr Montgomery,,bearer,
obj762,Obj781,obj762-m-a999,ppl:cmorgan,Sir Charles,,,
obj762,Obj781,obj762-m-13,ppl:hgreg,Abbe Gregoire,,,
obj763,Obj782,obj763-s-1,ppl:lgjones,Colonel Leslie Grove Jones,,sender,
obj763,Obj782,obj763-m-14,ppl:jbl,Chevalier,,,
obj764,Obj783,obj764-s-1,ppl:epb,Elizabeth Patterson [Bonaparte],,sender,
obj766,Obj785,obj766-s-1,ppl:jgclark,John G. Clark,,sender,
obj767,Obj786,obj767-s-1,ppl:hwilliamson,H. Williamson,,sender,
obj767,Obj786,obj767-on-6,org:org_074,The Lit and Phil Soc of New York,,,
obj768,Obj787,obj768-s-1,ppl:gws,General Scott,,sender,
obj768,Obj787,obj768-m-15,ppl:wcp,William C Preston,,intro,
obj769,Obj788,obj769-s-1,ppl:eco,"Edward Coles,",,sender,
obj769,Obj788,obj769-m-16,ppl:jpboyd,General Boyd,,,
obj769,Obj788,obj769-m-17,,Mr Stewart,,,
obj769,Obj788,obj769-m-a999,ppl:jamescmont,Mr Montgomery,,,
obj770,Obj789,obj770-s-1,ppl:dbw,DBW,,sender,
obj770,Obj789,obj770-r-1,ppl:jgrah,John Graham,,recipient,
obj770,Obj789,obj770-m-18,ppl:jrfenwick,Col. Fenwick,,,
obj770,Obj789,obj770-m-19,ppl:tjefferson,Mr Jefferson,,,
obj770,Obj789,obj770-m-20,ppl:jrfenwick,Col. Fenwick,,,
obj772,Obj791,obj772-s-1,ppl:dbw,DBW,,sender,
obj772,Obj791,obj772-r-1,ppl:hingrah,Henry Ingraham,,recipient,
obj773,Obj792,obj773-s-1,ppl:dbw,DBW,,sender,
obj773,Obj792,obj773-r-1,ppl:tjefferson,Jefferson,,recipient,
obj773,Obj792,obj773-m-21,ppl:gti,Mr Ticknor,,bearer,
obj773,Obj792,obj773-m-22,ppl:bfrank,Franklin,,,
obj773,Obj792,obj773-m-23,ppl:amdr,Abbe Rochon,,,
obj773,Obj792,obj773-m-24,ppl:fjdg,Minister of Marine,,,
obj774,Obj793,obj774-s-1,ppl:flescal,Dr Felix Lescaliis,,sender,
obj774,Obj793,obj774-m-25,ppl:slmi,Dr Mitchell,,,
obj774,Obj793,obj774-m-26,ppl:_dhalle,D’Hallé,,,
obj775,Obj794,obj775-s-1,ppl:labp,Louis-Andre Pichon,,sender,
obj775,Obj794,obj775-m-27,ppl:gti,Mr Ticknor,,,
obj776,Obj795,obj776-s-1,ppl:slmo,Lady Morgan,,sender,
obj776,Obj795,obj776-m-28,ppl:jamescmont,Mr Montgomery,,,
obj776,Obj795,obj776-m-29,ppl:hmwilliams,Helena Williams,,,
obj776,Obj795,obj776-m-30,ppl:humboldt,Baron Humboldt,,,
obj776,Obj795,obj776-m-31,ppl:lordstrangford,Lord Strangford,,,
obj776,Obj795,obj776-m-32,ppl:hgreg,Bishop Gregoire,,,
obj776,Obj795,obj776-m-33,,Montegne,,,
obj777,Obj796,obj777-s-1,ppl:jrkidd,John R. Kidd,,sender,
obj777,Obj796,obj777-m-34,ppl:jvanderlyn,Mr Vanderlini [?],,,
obj777,Obj796,obj777-m-35,ppl:jocham,Chambers,,,
obj778,Obj797,obj778-s-1,ppl:tjefferson,Thomas Jefferson,,sender,
obj778,Obj797,obj778-r-1,ppl:dbw,David Bailie Warden,,recipient,
obj778,Obj797,obj778-m-36,ppl:mrterril,Mr Terril,,,
obj778,Obj797,obj778-m-37,ppl:humboldt,Baron Humboldt,,,
obj779,Obj798,obj779-s-1,ppl:slmo,Lady Morgan,,sender,
obj779,Obj798,obj779-m-38,ppl:hco,Mr Colburne,,,
obj779,Obj798,obj779-m-39,ppl:mbuchanan,M Buchanan,,,
obj779,Obj798,obj779-m-40,ppl:eco,Coles,,,
obj779,Obj798,obj779-m-41,ppl:mhr,Miss H. Rowan,,,
obj779,Obj798,obj779-m-42,ppl:sac,Sir Arthur Clarke,,,
obj779,Obj798,obj779-m-43,ppl:cmorgan,Sir Charles,,,
obj779,Obj798,obj779-m-44,ppl:jamescmont,Mr Montgomery,,,
obj780,Obj799,obj780-s-1,ppl:dbw,DBW,,sender,
obj780,Obj799,obj780-r-1,ppl:glm,"G. L. Meason,",,recipient,
obj780,Obj799,obj780-on-7,org:org_055,Messrs Londman,,,
obj780,Obj799,obj780-m-a999,ppl:mlewis,[Meriwether] Louis,,,
obj780,Obj799,obj780-m-b999,ppl:wclarke,[William] Clarke,,,
obj781,Obj800,obj781-s-1,ppl:dbw,DBW,,sender,
obj781,Obj800,obj781-on-8,org:org_019,Bousquet and Co.,,recipient,
obj782,Obj801,obj782-s-1,ppl:dbw,DBW,,sender,
obj782,Obj801,obj782-r-1,ppl:_carroll,Carroll,,recipient,
obj783,Obj802,obj783-s-1,ppl:slmo,Lady Morgan,,sender,
obj783,Obj802,obj783-m-a999,ppl:mrfletcher,Mr Fletcher,,intro,
obj783,Obj802,obj783-m-b999,ppl:jfletcher,Judge Fletcher,,,
obj783,Obj802,obj783-m-45,ppl:dvivant,Baron Denon,,,
obj783,Obj802,obj783-m-46,,Dr Montigne,,,
obj783,Obj802,obj783-m-47,ppl:cmorgan,Sir Charles,,,
obj783,Obj802,obj783-m-48,ppl:epb,Mrs Patterson,,,
obj784,Obj803,obj784-s-1,ppl:dbw,David Bailie Warden,,sender,
obj784,Obj803,obj784-on-9,org:org_074,Philosophical Soc of NY,,recipient,
obj785,Obj804,obj785-s-1,ppl:glm,"G. L. Meason,",,sender,
obj785,Obj804,obj785-on-10,org:org_055,Longman the publisher,,,
obj786,Obj805,obj786-s-1,ppl:epb,E. Patterson,,sender,
obj787,Obj806,obj787-s-1,ppl:wshort,William Short,,sender,
obj787,Obj806,obj787-m-49,ppl:amdr,Mr Rochen /[Mr] Rechon,/[Mr] Rechon,,
obj788,Obj807,obj788-s-1,ppl:glm,"Gilbert Meason,",,sender,
obj788,Obj807,obj788-m-50,ppl:wclerke,William Clerke,,intro,
obj789,Obj808,obj789-s-1,ppl:cmorgan,Charles Morgan,,sender,
obj789,Obj808,obj789-m-51,ppl:jrichar,Mr J Richards,,intro,
obj789,Obj808,obj789-m-52,ppl:slmo,Lady Morgan,,,
obj789,Obj808,obj789-m-53,ppl:dvivant,Denon,,,
obj789,Obj808,obj789-m-54,ppl:epb,Mrs Patterson,,,
obj790,Obj809,obj790-s-1,ppl:jrpoinsett,J. R. Poinsett,,sender,
obj790,Obj809,obj790-m-55,ppl:bhenry,Mr Henry,,,
obj791,Obj810,obj791-s-1,ppl:jmoshare,J Moshare,,sender,
obj791,Obj810,obj791-m-56,ppl:majormercer,Major Mercer,,,
obj792,Obj811,obj792-s-1,ppl:dbw,DBW,,sender,
obj792,Obj811,obj792-r-1,ppl:tjefferson,Thomas Jefferson,,recipient,
obj792,Obj811,obj792-m-57,ppl:amdr,Abbe Rochon,,,
obj792,Obj811,obj792-m-58,ppl:epb,Mrs Patterson,,bearer,
obj792,Obj811,obj792-m-59,ppl:humboldt,Baron Humboldt,,,
obj792,Obj811,obj792-m-60,ppl:alcdestutt,Count de Tracy,,,
obj793,Obj812,obj793-s-1,ppl:dbw,DBW,,sender,
obj793,Obj812,obj793-r-1,ppl:hmwilliams,Helena Maria Williams,,recipient,
obj794,Obj813,obj794-s-1,ppl:dbw,DBW,,sender,
obj794,Obj813,obj794-r-1,ppl:swelles,Mr Samuel Welles,,recipient,
obj794,Obj813,obj794-m-61,ppl:mrdenimdetour,Mr de Nimdetour [?],,,
obj794,Obj813,obj794-m-62,ppl:gshila,Geoffrey St Hilaire,,,
obj794,Obj813,obj794-on-11,org:org_047,the Garden of Plants,,,
obj795,Obj814,obj795-s-1,ppl:hmwilliams,Helena Maria Williams,,sender,
obj795,Obj814,obj795-m-63,ppl:humboldt,M d Humboldt,,,
obj795,Obj814,obj795-m-64,ppl:mrfinch,Mr Finch,,,
obj795,Obj814,obj795-m-65,ppl:jhs,Mr Stone,,,
obj796,Obj815,obj796-s-1,ppl:alcdestutt,De Tracy,,sender,
obj797,Obj816,obj797-s-1,ppl:dbw,DBW,,sender,
obj797,Obj816,obj797-r-1,ppl:wsampson,Wm Sampson,,recipient,
obj797,Obj816,obj797-m-66,ppl:epb,Mrs Patterson’s,,,
obj797,Obj816,obj797-m-67,ppl:wtwtone,Mr Tone,,,
obj797,Obj816,obj797-m-68,ppl:mtone,Mrs Wilson [Mathilda Tone],[Mathilda Tone],,
obj797,Obj816,obj797-m-70,ppl:gracesampson,Mrs Sampson,,,
obj798,Obj817,obj798-s-1,ppl:mcsmith,Miles C Smith,,sender,
obj799,Obj818,obj799-s-1,ppl:slmo,Lady Morgan,,sender,
obj799,Obj818,obj799-m-71,ppl:hco,Colburn,,,
obj799,Obj818,obj799-m-72,,Gerard,,,
obj799,Obj818,obj799-m-73,ppl:hgreg,Henri Gregoire,,,
obj800,Obj819,obj800-s-1,ppl:bhol,[Bartholomew?] Holmes,,sender,
obj800,Obj819,obj800-on-12,org:org_060,Massach Historical Society,,,
obj800,Obj819,obj800-on-13,org:org_016,the King’s library,,,
obj801,Obj820,obj801-s-1,ppl:dbw,DBW,,sender,
obj801,Obj820,obj801-r-1,ppl:glm,"G. L. Meason,",,recipient,
obj801,Obj820,obj801-m-74,ppl:aconst,Mr Constable,,,
obj801,Obj820,obj801-m-75,ppl:pcorran,Mr Corran,,,
obj801,Obj820,obj801-m-76,ppl:jplay,Mr Playfair,,,
obj801,Obj820,obj801-m-77,ppl:epb,Mrs Patterson,,,
obj801,Obj820,obj801-m-78,ppl:marymeason,Mrs Meason,,,
obj802,Obj821,obj802-s-1,ppl:dbw,DBW,,sender,
obj802,Obj821,obj802-r-1,ppl:jdob,Mr Judah Dobson,,recipient,
obj802,Obj821,obj802-m-79,ppl:gcv,Mr Verplank,,,
obj802,Obj821,obj802-m-80,ppl:jocham,Mr Chambers,,,
obj803,Obj822,obj803-s-1,ppl:mmebdbussieu,Madame Beaurepaire de Bussieu,,sender,
obj803,Obj822,obj803-r-1,ppl:dbw,DBW,,recipient,
obj804,Obj823,obj804-s-1,ppl:rmpatterson,R M Patterson,,sender,
obj804,Obj823,obj804-m-81,ppl:rjohnston,Robert Johnston,,intro,
obj804,Obj823,obj804-on-14,org:org_011,Philosophical society,,,
obj804,Obj823,obj804-m-82,ppl:slmo,Lady Morgan,,,
obj805,Obj824,obj805-s-1,ppl:jmarshall,J. Marshall,,sender,
obj806,Obj825,obj806-s-1,ppl:dbw,DBW,,sender,
obj806,Obj825,obj806-r-1,ppl:hco,Mr Colburn,,recipient,
obj806,Obj825,obj806-m-83,ppl:eob,Miss Benger,,,
obj806,Obj825,obj806-m-84,ppl:slmo,Lady Morgan,,,
obj807,Obj826,obj807-s-1,ppl:fpascalis,Felix Pascalis,,sender,
obj807,Obj826,obj807-m-85,ppl:lvalent,Dr Valentin,,,
obj807,Obj826,obj807-m-86,ppl:drlefort,Dr Lefort,,bearer,
obj807,Obj826,obj807-m-87,ppl:jnh,Prof Halle,,,
obj807,Obj826,obj807-m-88,ppl:lvalent,doctor Louis Valentine,,,
obj807,Obj826,obj807-m-89,ppl:jpbouviere,Dr J.P.B Ouviere,,intro,
obj807,Obj826,obj807-on-15,org:org_074,the literary and philosophical Society,,,
obj807,Obj826,obj807-m-a999,ppl:slmi,Dr Mitchill,,,
obj808,Obj827,obj808-s-1,ppl:dbw,DBW,,sender,
obj808,Obj827,obj808-on-16,org:org_069,"Messrs Wurtz and Creuttel, Booksellers",,recipient,
obj808,Obj827,obj808-m-90,ppl:hgreg,Gregoire,,,
obj809,Obj828,obj809-s-1,ppl:dbw,DBW,,sender,
obj809,Obj828,obj809-r-1,ppl:jsmith,Mr Smith,,recipient,
obj810,Obj829,obj810-s-1,ppl:akourakin,Kourakin,,sender,
obj810,Obj829,obj810-r-1,ppl:dbw,Warden,,recipient,
obj813,Obj831,obj813-s-1,ppl:_custis,Custis,,sender,
obj814,Obj832,obj814-s-1,ppl:spleason,Stephen Pleasonton,,sender,
obj814,Obj832,obj814-pl-102,,Department of State,,,
obj815,Obj833,obj815-s-1,ppl:epb,Mrs Patterson [Elizabeth Patterson Bonaparte],[Elizabeth Patterson Bonaparte],sender,
obj816,Obj834,obj816-s-1,ppl:jmrp,Joseph Priestley,,sender,
obj817,Obj835,obj817-on-17,org:org_105,"La Societe Royale des Sciences, Lettres, Arts et Agriculture de Nancy",,sender,
obj818,Obj836,obj818-s-1,ppl:dbw,DBW,,sender,
obj818,Obj836,obj818-r-1,ppl:glm,"G. L. Meason,",,recipient,
obj818,Obj836,obj818-on-18,org:org_028,Messrs Constable and Co.,,,
obj818,Obj836,obj818-m-91,,MacMahon,,,
obj819,Obj837,obj819-s-1,ppl:glm,Dr Meason,,sender,
obj820,Obj838,obj820-s-1,ppl:_vevey,Vevey[?],,sender,
obj821,Obj839,obj821-s-1,ppl:birvin,B Irvine,,sender,
obj822,Obj840,obj822-s-1,ppl:wcp,W C Preston,,sender,
obj823,Obj841,obj823-s-1,ppl:gti,Ticknor,,sender,
obj825,Obj842,obj825-s-1,ppl:fpascalis,Felix Pascalis,,sender,
obj825,Obj842,obj825-m-92,ppl:vbal,Victor Bally,,,
obj825,Obj842,obj825-m-93,ppl:drlefort,Dr Lefort,,,
obj825,Obj842,obj825-on-19,org:org_074,Institute in the literary and philosophical class,,,
obj825,Obj842,obj825-m-94,ppl:mrdesdoutaine,Mr. Desdoutaine,,,
obj825,Obj842,obj825-m-95,ppl:_maile,[Maile],,,
obj825,Obj842,obj825-m-96,ppl:lvalent,Dr Valentin,,,
obj826,Obj843,obj826-s-1,ppl:dbw,DBW,,sender,
obj826,Obj843,obj826-on-20,org:org_028,"Constable & co., Booksellers",,recipient,
obj826,Obj843,obj826-m-97,ppl:glm,Mr Meason,,,
obj827,Obj844,obj827-s-1,ppl:dbw,DBW,,sender,
obj827,Obj844,obj827-r-1,ppl:jrodman,Rodman,,recipient,
obj828,Obj845,obj828-s-1,ppl:hmwilliams,Miss Helena M[aria] Williams,,sender,
obj828,Obj845,obj828-m-99,ppl:jhs,Mr Stone,,,
obj829,Obj846,obj829-s-1,ppl:hgreg,Gregoire,,sender,
obj830,Obj846,obj830-s-1,ppl:dbw,DBW,,sender,
obj830,Obj846,obj830-r-1,ppl:hmwilliams,Helena Maria Williams,,recipient,
obj830,Obj846,obj830-m-100,ppl:misskitchingman,Miss Kitchingman,,,
obj830,Obj846,obj830-m-101,ppl:jhs,Mr Stone,,,
obj831,Obj847,obj831-s-1,ppl:dbw,DBW,,sender,
obj831,Obj847,obj831-on-21,org:org_028,"Constable & co., Booksellers",,recipient,
obj831,Obj847,obj831-m-102,ppl:eev,Rev Mr Everett,,bearer,
obj831,Obj847,obj831-on-22,org:org_055,M.M. Longman and Co.,,,
obj832,Obj848,obj832-s-1,ppl:epc,Eliza Parke Custis,,sender,
obj833,Obj849,obj833-s-1,ppl:dbw,DBW,,sender,
obj833,Obj849,obj833-r-1,ppl:glm,Gilbert L. Meason,,recipient,
obj833,Obj849,obj833-m-103,ppl:eev,Rev Everett,,bearer,
obj833,Obj849,obj833-on-23,org:org_040,Cambridge College Boston,,,
obj833,Obj849,obj833-on-24,org:org_047,the King’s garden,,,
obj834,Obj850,obj834-s-1,ppl:epc,Mrs Custis,,sender,
obj834,Obj850,obj834-m-104,ppl:fenom,Mr Fenomartin[?],,bearer,
obj834,Obj850,obj834-m-105,ppl:dshepperd,Mr. D Shepperd,,intro,
obj834,Obj850,obj834-m-106,ppl:lafayette,LaFayette,,,
obj834,Obj850,obj834-m-107,ppl:gjd,General D [?],,bearer,
obj834,Obj850,obj834-m-108,,Parker,,,
obj834,Obj850,obj834-m-109,ppl:bsbernard,General Bernard.,,,
obj834,Obj850,obj834-m-110,ppl:ggi,Major General Gibbs,,bearer,
obj835,Obj851,obj835-s-1,ppl:epc,Mrs Custis,,sender,
obj835,Obj851,obj835-m-111,ppl:tjefferson,Mr Jefferson,,,
obj835,Obj851,obj835-m-112,ppl:ggi,General Gibbs,,,
obj835,Obj851,obj835-m-113,ppl:gjd,general Devereux,,,
obj835,Obj851,obj835-m-114,ppl:lafayette,Marquis L [Lafayette],[Lafayette],,
obj835,Obj851,obj835-m-115,ppl:dshepperd,Shepperd,,,
obj836,Obj852,obj836-s-1,ppl:epc,Mrs Custis,,sender,
obj836,Obj852,obj836-m-116,ppl:fenom,Mr Fenormentin,,bearer,
obj836,Obj852,obj836-m-117,ppl:gengmason,General Mason,,,
obj836,Obj852,obj836-m-118,ppl:wcsomerville,Mr Somerville,,,
obj836,Obj852,obj836-m-119,ppl:taemmet,Mr Emmet,,,
obj836,Obj852,obj836-m-120,ppl:gjd,[General Devereux],,,
obj836,Obj852,obj836-m-a999,ppl:_venables,Venables,,,
obj837,Obj853,obj837-s-1,ppl:epb,Mrs Elizabeth Patterson [Bonaparte],,sender,
obj837,Obj853,obj837-m-121,,Brown,,bearer,
obj837,Obj853,obj837-m-122,ppl:wcsomerville,Mr Somerville,,bearer,
obj837,Obj853,obj837-m-123,ppl:gjd,General Devereux,,,
obj837,Obj853,obj837-m-124,ppl:jcnelson,Mr James C Nelson,,bearer,
obj837,Obj853,obj837-m-125,ppl:mvndv,Madame de Villette,,,
obj837,Obj853,obj837-m-126,ppl:rbb,Madame Barlow,,,
obj837,Obj853,obj837-m-127,ppl:drbull,Doctor Bull,,,
obj837,Obj853,obj837-m-128,ppl:epc,Mrs Custis,,,
obj837,Obj853,obj837-m-129,,Major Spencer,,,
obj837,Obj853,obj837-m-130,ppl:mrsmacso,Mrs Macso,,,
obj837,Obj853,obj837-m-131,ppl:slmo,Lady Morgan,,,
obj837,Obj853,obj837-m-132,ppl:cdsc,St C—,,,
obj837,Obj853,obj837-m-133,,Mr Gerard,,,
obj838,Obj854,obj838-s-1,ppl:dbw,DBW,,sender,
obj838,Obj854,obj838-on-26,org:org_055,Longman and Co.,,recipient,
obj839,Obj855,obj839-s-1,ppl:mcp,"M.C. Patterson,",,sender,
obj839,Obj855,obj839-m-134,ppl:eob,Miss Benger,,,
obj839,Obj855,obj839-m-135,ppl:mrsmiske,Mr Smiske,,,
obj839,Obj855,obj839-m-136,ppl:rfulton,Mr Fulton,,,
obj839,Obj855,obj839-m-137,ppl:jwfran,Francis,,,
obj839,Obj855,obj839-m-138,ppl:cdc,C. D Colden,,,
obj839,Obj855,obj839-m-139,ppl:wdunst,William Dunstable,,,
obj839,Obj855,obj839-m-140,ppl:skiddy,Captain Skiddy,,bearer,
obj839,Obj855,obj839-m-141,ppl:jbri,Mr Bristed,,,
obj839,Obj855,obj839-m-142,ppl:hfdaguesseau,Chancelier D’Aguesseau,,,
obj839,Obj855,obj839-m-143,ppl:bme,D’Emerigon,,,
obj840,Obj856,obj840-s-1,ppl:_molart,Molart,,sender,
obj840a,Obj856,obj1840a-s-1,ppl:humboldt,Humboldt,,sender,
obj841,Obj857,obj841-s-1,ppl:dbw,DBW,,sender,
obj841,Obj857,obj841-r-1,ppl:jrodman,Rodman,,recipient,
obj842,Obj858,obj842-s-1,ppl:dbw,DBW,,sender,
obj842,Obj858,obj842-r-1,ppl:aconst,Constable,,recipient,
obj842,Obj858,obj842-m-144,ppl:mrbothling,Mr [R]Bothling,,,
obj842,Obj858,obj842-m-145,ppl:fclh,General de La Harpe,,,
obj843,Obj859,obj843-s-1,ppl:dbw,DBW,,sender,
obj843,Obj859,obj843-r-1,ppl:mrvandriesse,Mr Vandriesse,,recipient,
obj843,Obj859,obj843-m-a999,ppl:mrbothling,Bothling,,,
obj844,Obj860,obj844-s-1,ppl:dbw,DBW,,sender,
obj844,Obj860,obj844-r-1,ppl:mmdbure,M. M De Bure,,recipient,
obj844,Obj860,obj844-pl-137,,Libraries de Roi,,,
obj844,Obj860,obj844-m-146,ppl:jbl,Mr Chevalier,,,
obj844,Obj860,obj844-pl-138,org:org_127,St Genevieve,,,
obj844,Obj860,obj844-m-147,ppl:tjefferson,Mr Jefferson,,,
obj845,Obj861,obj845-s-1,ppl:dbw,DBW,,sender,
obj845,Obj861,obj845-r-1,ppl:gengmason,General Mason,,recipient,
obj845,Obj861,obj845-m-148,,Mr John,,,
obj846,Obj862,obj846-s-1,ppl:epb,Mrs Elizabeth Patterson,,sender,
obj846,Obj862,obj846-m-149,ppl:cdsc,C. de St. C,,,
obj846,Obj862,obj846-m-150,ppl:wcsomerville,Mr Somerville,,bearer,
obj847,Obj863,obj847-s-1,ppl:dbw,DBW,,sender,
obj847,Obj863,obj847-r-1,ppl:tjefferson,Thomas Jefferson,,recipient,
obj847,Obj863,obj847-m-151,ppl:mapictet,Professor Picter,,,
obj847,Obj863,obj847-m-152,ppl:mrcarill,Mr Corill [Mr Carill],[Mr Carill],,
obj847,Obj863,obj847-m-153,ppl:tmrj,Mr [Randolph],,,
obj847,Obj863,obj847-m-153a,ppl:mrstrandolph,Mrs Randolph,,,
obj848,Obj864,obj848-s-1,ppl:fpascalis,Dr Felix Pascalis,,sender,
obj848,Obj864,obj848-m-154,ppl:nbre,Mr Bremontier,,,
obj848,Obj864,obj848-m-155,ppl:jocham,Mr Chambers,,,
obj848,Obj864,obj848-m-156,ppl:jnh,Professor Halle,,,
obj848,Obj864,obj848-m-157,ppl:jbeb,Regnault Medecia consultant du Roi,,,
obj848,Obj864,obj848-on-28,org:org_074,New York Literary and Philosophical Society,,,
obj849,Obj865,obj849-s-1,ppl:dbw,DBW,,sender,
obj849,Obj865,obj849-r-1,ppl:ddt,Daniel D. Tomkins,,recipient,
obj850,Obj866,obj850-s-1,ppl:jrpoinsett,Joel R. Poinsett,,sender,
obj851,Obj867,obj851-s-1,ppl:mcp,M. C Patterson,,sender,
obj852,Obj868,obj852-s-1,ppl:agall,Albert Gallatin,,sender,
obj852,Obj868,obj852-m-158,ppl:hannahgall,Mrs Gallatin,,,
obj852,Obj868,obj852-m-159,ppl:brcdl,Baron Larcy,,,
obj852,Obj868,obj852-m-160,ppl:daa,Mr Azuni,,,
obj853,Obj869,obj853-s-1,ppl:epc,Mrs Custis,,sender,
obj853,Obj869,obj853-m-161,ppl:lcallag,Luke Callaghan,,bearer,
obj853,Obj869,obj853-m-162,ppl:ggi,General George Gibbs],,bearer,
obj853,Obj869,obj853-m-164,ppl:geolaw,Mr George Law,,,
obj853,Obj869,obj853-m-165,ppl:gjd,Devereux,,,
obj853,Obj869,obj853-m-166,ppl:wcsomerville,Mr Somerville,,,
obj853,Obj869,obj853-m-167,ppl:taemmet,Mr Emmet,,,
obj853,Obj869,obj853-m-168,ppl:elizemmet,Mr Emmet’s daughter [Elizabeth Emmet],[Elizabeth Emmet],,
obj853,Obj869,obj853-m-169,ppl:mrleroy,Mr LeRoy,,,
obj853,Obj869,obj853-m-170,ppl:pdup,Mr Ponceau,,,
obj853,Obj869,obj853-m-171,ppl:wsampson,[William Sampson],,,
obj854,Obj870,obj854-s-1,ppl:epc,Mrs Custis,,sender,
obj854,Obj870,obj854-m-172,ppl:ggi,General George Gibbs,,,
obj854,Obj870,obj854-m-173,ppl:tjefferson,Mr Jefferson,,,
obj854,Obj870,obj854-m-174,ppl:gjd,General Devereux,,bearer,
obj854,Obj870,obj854-m-175,ppl:wcsomerville,Mr Somerville,,,
obj854,Obj870,obj854-m-176,ppl:elizalaw,Eliza,,,
obj854,Obj870,obj854-m-177,ppl:mroliver,Mr Oliver,,,
obj855,Obj871,obj855-s-1,ppl:pmpatterson,P. M. Patterson,,sender,
obj855,Obj871,obj855-m-179,,Mr Matthews,,intro,
obj856,Obj872,obj856-s-1,ppl:_magimel,Magimel,,sender,
obj856,Obj872,obj856-on-30,org:org_017,Bibliotheque Universelle,,,
obj856,Obj872,obj856-m-180,ppl:mapictet,Professor Pictet,,,
obj857,Obj873,obj857-s-1,ppl:dbw,DBW,,sender,
obj857,Obj873,obj857-r-1,ppl:mrlarrey,Mr Larrey,,recipient,
obj858,Obj873,add858-s-001,ppl:dbw,[DBW],,sender,
obj858,Obj873,obj858-on-31,org:org_074,the New York Philosophical Society,,recipient,
obj859,Obj874,obj859-s-1,ppl:tco,Thomas Cooper,,sender,
obj859,Obj874,obj859-m-181,ppl:mrmaclure,Mr Maclure,,,
obj859,Obj874,obj859-m-183,ppl:das,Dr Sybert,,,
obj859,Obj874,obj859-m-182,ppl:jcds,M. Correa,,,
obj860,Obj875,obj860-s-1,ppl:astevens,Alex Stevens,,sender,
obj860,Obj875,obj860-m-184,ppl:mrfield,"Mr Field,",,intro,
obj860,Obj875,obj860-on-32,org:org_073,New York Hospital,,,
obj861,Obj876,obj861-s-1,ppl:epb,Elizabeth Patterson [Bonaparte],,sender,
obj861,Obj876,obj861-m-185,ppl:rozel,Madame de Rozel,,,
obj861,Obj876,obj861-m-186,ppl:mrsansaud,Mr Sansaud,,,
obj861,Obj876,obj861-m-187,ppl:slmo,Lady Morgan,,,
obj861,Obj876,obj861-m-188,ppl:mvndv,Mme Villete,,,
obj861,Obj876,obj861-m-189,ppl:mrsansaud,Mr Sansaud,,bearer,
obj862,Obj877,obj862-s-1,ppl:dbw,DBW,,sender,
obj862,Obj877,obj862-r-1,ppl:padfortia,Mr le comte de Fortia,,recipient,
obj863,Obj878,obj863-s-1,ppl:aconst,"[Archibald Constable],",,sender,
obj863,Obj878,obj863-on-33,org:org_028,Constable and Co.,,,
obj863,Obj878,obj863-m-190,ppl:jocham,John Chambers,,,
obj863,Obj878,obj863-m-191,ppl:eispence,Miss Spence,,,
obj863,Obj878,obj863-m-192,ppl:alwilson,Alexander Wilson,,,
obj864,Obj879,obj864-s-1,ppl:fredbronson,Dr Bronson,,sender,
obj864,Obj879,obj864-m-193,ppl:mrgould,Mr Gould,,bearer,
obj864,Obj879,obj864-m-194,,Mr Stevenson,,,
obj865,Obj880,obj865-s-1,ppl:dbw,DBW,,sender,
obj865,Obj880,obj865-on-34,org:org_028,Messrs Constable,,recipient,
obj865,Obj880,obj865-m-195,ppl:eispence,Miss Spence,,,
obj867,Obj882,obj867-s-1,ppl:slmo,Lady Morgan,,sender,
obj867,Obj882,obj867-r-1,ppl:dbw,DBW,,recipient,
obj867,Obj882,obj867-m-196,ppl:mrschiffer,Mr Schiffer,,,
obj867,Obj882,obj867-m-197,ppl:mrsmallot,Madame de Malo,,,
obj867,Obj882,obj867-m-198,ppl:mrbariois,Mr Bariois,,,
obj867,Obj882,obj867-m-199,ppl:mrsherony,Mrs Herony,,,
obj868,Obj883,obj868-s-1,ppl:dbw,DBW,,sender,
obj868,Obj883,obj868-r-1,ppl:aconst,Constable,,recipient,
obj868,Obj883,obj868-m-200,ppl:mrbirkbeck,Mr Birkbeck,,,
obj868,Obj883,obj868-on-36,org:org_089,Royal Institute,,,
obj868,Obj883,obj868-m-201,ppl:_debeauvais,De Beauvais,,,
obj868,Obj883,obj868-m-202,,Dr Didier,,,
obj869,Obj884,obj869-s-1,ppl:dbw,DBW,,sender,
obj869,Obj884,obj869-r-1,ppl:mvnapier,Macvey Napier,,recipient,
obj869,Obj884,obj869-m-203,ppl:ldick,Mr Lander Dick,,,
obj869,Obj884,obj869-m-204,ppl:mrmcbear,Mr McBear /[Mr] Bean,/[Mr] Bean,,
obj869,Obj884,obj869-m-205,ppl:aconst,"Mr Constable,",,,
obj870,Obj885,obj870-s-1,ppl:dbw,DBW,,sender,
obj870,Obj885,obj870-r-1,ppl:jluke,John Luke,,recipient,
obj870,Obj885,obj870-m-206,ppl:jbl,Mr Chevallier,,,
obj870,Obj885,obj870-m-207,ppl:captartoun,Captain Artoun,,,
obj871,Obj886,obj871-s-1,ppl:jmrp,"Joseph Priestley,",,sender,
obj872,Obj887,obj872-s-1,ppl:dbw,DBW,,sender,
obj872,Obj887,obj872-r-1,ppl:aconst,Constable,,recipient,
obj872,Obj887,obj872-m-208,ppl:jocham,Mr Chambers [John Chambers],[John Chambers],,
obj873,Obj888,obj873-m-209,ppl:pcorran,Patrick Corran,,,
obj873,Obj888,obj873-m-210,ppl:tcorran,Thomas Corran,,,
obj874,Obj889,obj874-s-1,ppl:mjmcneal,M. J. McNeal,,sender,
obj874,Obj889,obj874-m-211,ppl:hbf,Fearon,,,
obj875,Obj890,obj875-s-1,ppl:dbw,DBW,,sender,
obj875,Obj890,obj875-r-1,ppl:glm,G L Meason,,recipient,
obj875,Obj890,obj875-m-212,ppl:aconst,Constable,,,
obj876,Obj891,obj876-s-1,ppl:sjul,"Dr Julien,",,sender,
obj877,Obj892,obj877-s-1,ppl:dbw,DBW,,sender,
obj877,Obj892,obj877-r-1,ppl:drellison,Dr Ellison,,recipient,
obj877,Obj892,obj877-m-213,ppl:tcgrattan,Mr Grattan,,,
obj878,Obj893,obj878-s-1,ppl:slmo,Lady Morgan,,sender,
obj878,Obj893,obj878-m-214,ppl:bdpusis,Mr [Beresigor de Pusiser],,,
obj879,Obj894,obj879-s-1,ppl:tjefferson,Thomas Jefferson,,sender,
obj879,Obj894,obj879-r-1,ppl:dbw,DBW,,recipient,
obj879,Obj894,obj879-on-37,org:org_114,Congress,,,
obj879,Obj894,obj879-on-38,org:org_064,The Debures,,,
obj880,Obj895,obj880-s-1,ppl:cecdm,C. Monbret [Charles Etienne Coquebert de Montbret],[Charles Etienne Coquebert de Montbret],sender,
obj881,Obj896,obj881-s-1,ppl:mrpoletica,Mr Poletica,,sender,
obj882,Obj897,obj882-s-1,ppl:mjmcneal,M.J. McNeal,,sender,
obj883,Obj898,obj883-s-1,ppl:cmorgan,Charles Morgan,,sender,
obj883,Obj898,obj883-m-215,ppl:mrsmallot,Mrs Mallot,,,
obj883,Obj898,obj883-m-216,ppl:lafayette,Mr G La Fayette,,,
obj883,Obj898,obj883-m-217,ppl:slmo,Lady Morgan,,,
obj886,Obj900,obj886-s-1,ppl:dbw,DBW,,sender,
obj886,Obj900,obj886-r-1,ppl:caw,Mr Walckenaer [Charles Athanase Walckenaer],[Charles Athanase Walckenaer],recipient,
obj887,Obj901,obj887-s-1,ppl:jhl,James Lawrence [James Henry Lawrence],[James Henry Lawrence],sender,
obj887,Obj901,obj887-m-218,ppl:slmo,Lady Morgan,,,
obj888,Obj902,obj888-s-1,ppl:wsampson,William Sampson,,sender,
obj888,Obj902,obj888-m-219,ppl:mrbeauprise,Mr Beaufries /[Mr] Beauprise,/[Mr] Beauprise,,
obj888,Obj902,obj888-m-220,ppl:mrkauman,Mr Kauman,,,
obj888,Obj902,obj888-m-221,ppl:hgreg,Bishop Gregoire,,,
obj889,Obj903,obj889-s-1,ppl:jhl,James Lawtence,,sender,
obj889,Obj903,obj889-m-222,ppl:slmo,Lady Morgan,,,
obj890,Obj904,obj890-on-39,org:org_074,Phil Soc NY,,,
obj890,Obj904,obj890-on-40,org:org_011,Phil Soc Phil,,,
obj890,Obj904,obj890-on-41,org:org_041,Hist Soc NY,,,
obj891,Obj905,obj891-s-1,ppl:dbw,DBW,,sender,
obj891,Obj905,obj891-r-1,ppl:tjefferson,Jefferson,,recipient,
obj892,Obj906,obj892-s-1,ppl:tcgrattan,Thomas Colley Grattan,,sender,
obj892,Obj906,obj892-m-223,ppl:mrgalignani,Mr Galignani,,,
obj892,Obj906,obj892-m-224,ppl:lcallag,Mr Callaghan,,,
obj892,Obj906,obj892-m-225,,Mr Parker,,,
obj892,Obj906,obj892-m-226,ppl:mrfochalle,Mr Fochalle,,,
obj893,Obj907,obj893-s-1,ppl:jrpoinsett,Poinsett,,sender,
obj893,Obj907,obj893-m-227,ppl:mredward,Mr Edward,,intro,
obj893,Obj907,obj893-m-228,ppl:wpringle,Mr William Pringle,,intro,
obj894,Obj908,obj894-s-1,ppl:fpascalis,Pascalis,,sender,
obj894,Obj908,obj894-m-229,ppl:mroflaherty,O’Flaherty,,,
obj894,Obj908,obj894-m-230,ppl:lvalent,Chevalier Valentin,,,
obj894,Obj908,obj894-m-231,ppl:pbaubieur,Peter Baubieur],,,
obj894,Obj908,obj894-m-232,ppl:jjastor,John Jacob Astor,,bearer,
obj895,Obj908,obj895-s-1,ppl:epb,Elizabeth Patterson [Bonaparte],,sender,
obj895,Obj908,obj895-m-233,ppl:mvndv,Mde de Villette,,,
obj895,Obj908,obj895-m-234,ppl:mmedehocquard,Madame de Hocquard,,,
obj895,Obj908,obj895-m-235,ppl:hwhite,Henry White,,,
obj895,Obj908,obj895-m-236,ppl:mrmcelkiney,Mr McElkiney,,,
obj896,Obj909,obj896-s-1,ppl:efjomard,Jomard,,sender,
obj897,Obj910,obj897-s-1,ppl:epb,Elizabeth Patterson [Bonaparte],,sender,
obj897,Obj910,obj897-m-237,ppl:mvndv,Madame de Villette,,,
obj898,Obj911,obj898-s-1,ppl:jjastor,John Jacob Astor,,sender,
obj899,Obj912,obj899-s-1,ppl:epb,Elizabeth Patterson [Bonaparte],,sender,
obj899,Obj912,obj899-m-238,ppl:mrsansaud,Sansaud,,,
obj899,Obj912,obj899-m-239,ppl:rozel,Madame de Rozelle,,,
obj899,Obj912,obj899-m-240,ppl:madereubele,Made Reubele,,,
obj899,Obj912,obj899-m-241,ppl:mvndv,M de Villette,,,
obj899,Obj912,obj899-m-242,ppl:acdrc,Madame de La Rochefoucauldt,,,
obj899,Obj912,obj899-m-243,ppl:mvndv,Madame de Villette,,,
obj899,Obj912,obj899-m-244,ppl:slmo,Lady Morgan,,,
obj899,Obj912,obj899-on-42,org:org_067,Messrs Flentsch Banker,,,
obj900,Obj913,obj900-s-1,ppl:slmi,"Sam Mitchell [Samuel Latham Mitchill],",[Samuel Latham Mitchill],sender,
obj900,Obj913,obj900-m-245,ppl:aconst,Mr Constable,,,
obj900,Obj913,obj900-m-246,ppl:wtwtone,Mr Tone,,,
obj900,Obj913,obj900-on-43,org:org_084,Polytechnic School,,,
obj900,Obj913,obj900-m-247,ppl:das,Dr Adam Seybert’s,,,
obj900,Obj913,obj900-on-44,org:org_114,Congress,,,
obj900,Obj913,obj900-m-248,ppl:lcjb,Col. Bouchette,,,
obj900,Obj913,obj900-m-249,ppl:gcu,Cuvier,,,
obj900,Obj913,obj900-m-250,ppl:humboldt,Humboldt,,,
obj900,Obj913,obj900-m-251,ppl:salexly,Dr Samuel Alexly,,,
obj901,Obj914,obj901-s-1,ppl:jcmount,[Major] James C. Mountflorence,,sender,
obj902,Obj915,obj902-s-1,ppl:wtwtone,William Th[eobald] W[olfe] Tone,,sender,
obj902,Obj915,obj902-m-252,ppl:wsampson,Mr Sampson,,,
obj902,Obj915,obj902-m-253,ppl:mtone,[Mathilda Tone],,,
obj902,Obj915,obj902-m-254,ppl:twil,Mr Wilson,,,
obj903,Obj916,obj903-s-1,ppl:jcmount,Mountflorence,,sender,
obj903,Obj916,obj903-m-255,ppl:icbarnet,Barnet [Isaac Cox Barnet],[Isaac Cox Barnet],,
obj903,Obj916,obj903-m-256,ppl:wwhitesides,W Whitesides,,,
obj904,Obj917,obj904-s-1,ppl:jcmount,Mountflorence,,sender,
obj904,Obj917,obj904-m-257,ppl:wwhitesides,Mr Whitesides,,,
obj905,Obj918,obj905-s-1,ppl:hmm,"De Mountmorency-Morres,",,sender,
obj906,Obj919,obj906-s-1,ppl:smiller,Col. Samuel Miller,,sender,
obj906,Obj919,obj906-m-258,ppl:rcsykes,Robert C. Sykes,,intro,
obj907,Obj920,obj907-s-1,ppl:mrmutter,Mr Mutter,,sender,
obj908,Obj921,obj908-s-1,ppl:gcpotts,George C. Potts,,sender,
obj908,Obj921,obj908-m-a999,ppl:jqa,Jonathan [John Quincy Adams?],[John Quincy Adams?],,
obj909,Obj922,obj909-s-1,ppl:mcp,M.C. Patterson,,sender,
obj909,Obj922,obj909-m-259,ppl:vjacquemont,Mr Jacquemont,,bearer,
obj909,Obj922,obj909-m-260,ppl:jost,Judge Story,,,
obj909,Obj922,obj909-m-261,ppl:mrcharming,Mr Charming,,,
obj909,Obj922,obj909-m-262,ppl:gcv,Mr Verplanck,,,
obj909,Obj922,obj909-m-263,ppl:hwheaton,Mr Wheaton,,,
obj909,Obj922,obj909-m-264,ppl:svuchs,Sam Vuchstein’s,,,
obj909,Obj922,obj909-on-45,org:org_041,Historical Society,,,
obj909,Obj922,obj909-m-265,ppl:sfj,Dr Jarvis,,,
obj909,Obj922,obj909-m-266,ppl:rwj,Mr Walsh,,,
obj909,Obj922,obj909-m-267,ppl:wirv,Washington Irving,,,
obj909,Obj922,obj909-m-268,ppl:gcrayon,Geoffrey Crayon [Gent?],,,
obj909,Obj922,obj909-m-269,ppl:judgetrumbull,Judge Trumbull,,,
obj909,Obj922,obj909-m-270,ppl:jwcroker,John Wilson Croker],,,
obj909,Obj922,obj909-m-271,ppl:pinpuff,Pindar Puff,,,
obj910,Obj923,obj910-s-1,ppl:jslidell,"John Slidell, Jr",,sender,
obj910,Obj923,obj910-m-272,ppl:jbrisso,J Brissot,,,
obj911,Obj924,obj911-s-1,ppl:cmorgan,Charles Morgan,,sender,
obj911,Obj924,obj911-r-1,ppl:dbw,DBW,,recipient,
obj913,Obj925,obj913-s-1,ppl:humboldt,Humboldt,,sender,
obj914,Obj926,obj914-s-1,ppl:_bauquelin,Bauquelin,,sender,
obj915,Obj927,obj915-s-1,ppl:jpeuchet,Peuchet,,sender,
obj916,Obj928,obj916-s-1,ppl:_gallinoli,Gallinioli,,sender,
obj916,Obj928,obj916-on-46,org:org_045,Imperiale e reale academia economico-agraria dei Georgolfili di Firenze,,,
obj917,Obj929,obj917-s-1,ppl:profhauy,Professor Hauy,,sender,
obj918,Obj930,obj918-s-1,ppl:cmdtalleyrand,Prince de Talleyrand,,sender,
obj919,Obj931,obj919-s-1,ppl:jbjdelambre,Delambre,,sender,
obj919,Obj931,obj919-on-47,org:org_046,"Institute de France, Paris",,,
obj920,Obj932,obj920-s-1,ppl:jpeuchet,Peuchet,,sender,
obj921,Obj933,obj921-s-1,ppl:dbw,DBW,,sender,
obj921,Obj933,obj921-r-1,ppl:tmoo,Thomas Moore,,recipient,
obj922,Obj934,obj922-s-1,ppl:jmrp,Joseph Priestley [Jnr.],,sender,
obj922,Obj934,obj922-m-273,ppl:mamd,Madame Aubley,,,
obj922,Obj934,obj922-m-274,ppl:mamd,Madame Dupond,,,
obj922,Obj934,obj922-m-275,ppl:mmedlutte,Madame de Lutte,,,
obj922,Obj934,obj922-m-276,,Mr la Comte,,,
obj922,Obj934,obj922-m-277,ppl:mjmcneal,Mr McNeal,,,
obj923,Obj935,obj923-s-1,ppl:brong,Mr Brongniard,,sender,
obj924,Obj936,obj924-s-1,ppl:efjomard,Jomard,,sender,
obj925,Obj937,obj925-s-1,ppl:jrpoinsett,Joel Poinsett,,sender,
obj925,Obj937,obj925-m-278,ppl:mrnowell,Mr Nowell,,intro,
obj925,Obj937,obj925-m-279,,Mr Gibbes,,,
obj926,Obj938,obj926-s-1,ppl:mcp,M. C. Paterson,,sender,
obj926,Obj938,obj926-m-280,ppl:jgeh,Heckewelder,,,
obj926,Obj938,obj926-on-48,org:org_041,Historical Society,,,
obj926,Obj938,obj926-m-281,ppl:byron,Lord Byron,,,
obj926,Obj938,obj926-m-282,ppl:bom,Mr O’Meara’s,,,
obj926,Obj938,obj926-m-283,ppl:eev,Mr Everett,,,
obj926,Obj938,obj926-m-284,ppl:gti,Mr Ticknor [George Ticknor],[George Ticknor],,
obj926,Obj938,obj926-on-49,org:org_040,University of Cambridge [Harvard],,,
obj927,Obj939,obj927-s-1,ppl:slmo,Sydney Morgan,,sender,
obj927,Obj939,obj927-m-285,,Mr Armstrong,,,
obj928,Obj940,obj928-s-1,ppl:epc,Mrs Custis,,sender,
obj928,Obj940,obj928-m-286,ppl:lbra,"Mr Bradish,",,intro,
obj928,Obj940,obj928-m-287,ppl:lafayette,Marquis de la Fayette,,,
obj929,Obj941,obj929-s-1,ppl:gshila,Geoffrey St. Hilaire,,sender,
obj930,Obj942,obj930-s-1,ppl:gws,Winfield Scott,,sender,
obj930,Obj942,obj930-m-288,ppl:reg,Dr Griffith,,intro,
obj930,Obj942,obj930-on-50,org:org_115,University of Pennsylvania,,,
obj931,Obj943,obj931-s-1,ppl:dbw,DBW,,sender,
obj931,Obj943,obj931-r-1,ppl:tjefferson,Jefferson,,recipient,
obj932,Obj944,obj932-s-1,ppl:hmm,"Montmorency-Morris,",,sender,
obj932,Obj944,obj932-m-289,ppl:cecdm,Mr Montbret,,,
obj932,Obj944,obj932-m-290,ppl:cecdm,Mr de Montbret,,intro,
obj933,Obj945,obj933-s-1,ppl:dbw,DBW,,sender,
obj933,Obj945,obj933-r-1,ppl:tjefferson,Thomas Jefferson,,recipient,
obj934,Obj946,obj934-s-1,ppl:jbyerley,J. Byerley,,sender,
obj935,Obj947,obj935-s-1,ppl:dbw,DBW,,sender,
obj935,Obj947,obj935-r-1,ppl:wtwtone,William Tone,,recipient,
obj935,Obj947,obj935-m-291,ppl:twil,Mr [Wilson],,,
obj935,Obj947,obj935-m-291a,ppl:mtone,Mrs Wilson,,,
obj935,Obj947,obj935-m-292,ppl:slmo,Lady Morgan,,,
obj935,Obj947,obj935-m-293,ppl:medg,Miss Edgeworth,,,
obj935,Obj947,obj935-m-294,ppl:tmoo,Moore,,,
obj935,Obj947,obj935-on-51,org:org_076,New York Library,,,
obj936,Obj948,obj936-s-1,ppl:dbw,DBW,,sender,
obj936,Obj948,obj936-r-1,ppl:wdua,William Duane,,recipient,
obj936,Obj948,obj936-m-295,ppl:slmo,Lady Morgan,,,
obj936,Obj948,obj936-m-296,ppl:tmoo,Mr Moore,,,
obj937,Obj949,obj937-s-1,ppl:dbw,DBW,,sender,
obj937,Obj949,obj937-r-1,ppl:wmacneven,William McNeven,,recipient,
obj937,Obj949,obj937-on-52,org:org_046,the Institute,,,
obj938,Obj950,obj938-s-1,ppl:jbjdelambre,Delambre,,sender,
obj938,Obj950,obj938-on-53,org:org_046,French institute,,,
obj939,Obj951,obj939-s-1,ppl:lmdlrevelliere,Revelliere-Lepeaux,,sender,
obj940,Obj952,obj940-s-1,ppl:whcurran,Henry Curran,,sender,
obj940,Obj952,obj940-m-297,ppl:jlefarm,J. Lefarm,,intro,
obj941,Obj953,obj941-s-1,ppl:mcp,M. C Patterson,,sender,
obj941,Obj953,obj941-m-298,ppl:eweeks,Ezra Weeks,,intro,
obj942,Obj954,obj942-s-1,ppl:fpascalis,Pascalis,,sender,
obj942,Obj954,obj942-m-299,ppl:eweeks,Ezra Weeks,,intro,
obj942,Obj954,obj942-m-300,ppl:mroflaherty,Mr O’Flaherty,,,
obj942,Obj954,obj942-m-301,ppl:slmi,Dr Mitchell,,,
obj943,Obj955,obj943-s-1,ppl:gcu,"Georges Cuvier,",,sender,
obj944,Obj956,obj944-s-1,ppl:aconst,Archibald Constable,,sender,
obj944,Obj956,obj944-on-54,org:org_033,Faculty of Advocates,,,
obj944,Obj956,obj944-m-302,ppl:glm,Mr Meason,,,
obj944,Obj956,obj944-m-303,ppl:dsmith,Mr Donald Smith,,intro,
obj945,Obj957,obj945-s-1,ppl:rwj,"Robert Walsh,",,sender,
obj945,Obj957,obj945-on-55,org:org_011,American Philosophical Society,,,
obj946,Obj958,obj946-s-1,ppl:gwmurray,G.W. Murray,,sender,
obj946,Obj958,obj946-m-304,ppl:jcaldwell,Caldwell,,,
obj946,Obj958,obj946-m-305,ppl:mrisard,Mr Isard,,,
obj947,Obj959,obj947-s-1,ppl:jcaldwell,John Caldwell,,sender,
obj947,Obj959,obj947-m-306,ppl:gwmurray,[G W Murray],,,
obj947,Obj959,obj947-m-a999,ppl:jocham,John Chambers,,,
obj947,Obj959,obj947-m-307,ppl:mrsparks,Mrs Parks,,,
obj948,Obj960,obj948-s-1,ppl:eag,"Eliza Godefroy,",,sender,
obj948,Obj960,obj948-m-308,ppl:jtducatel,M. Ducatel,,,
obj949,Obj961,obj949-s-1,ppl:glm,"G.L. Meason,",,sender,
obj949,Obj961,obj949-m-309,ppl:aconst,Mr Constable,,,
obj949,Obj961,obj949-on-56,org:org_007,Advocates Library,,,
obj950,Obj962,obj950-s-1,ppl:jmrp,Joseph Priestley,,sender,
obj950,Obj962,obj950-m-310,ppl:tco,Judge Cooper,,,
obj950,Obj962,obj950-on-57,org:org_094,the Senate of the State of Pennsylvania,,,
obj951,Obj963,obj951-s-1,ppl:eag,Eliza Godefroy,,sender,
obj951,Obj963,obj951-m-311,ppl:mgod,[Maximilian Godefroy],,,
obj951,Obj963,obj951-m-312,ppl:mrsdouglas,Mrs Douglas,,intro,
obj951,Obj963,obj951-m-313,ppl:mrswjackson,Mrs Jackson,,,
obj952,Obj964,obj952-s-1,ppl:wtwtone,William Tone,,sender,
obj952,Obj964,obj952-m-314,ppl:gengmason,General Mason’s,,,
obj952,Obj964,obj952-m-315,ppl:cdc,Mr Colden,,,
obj952,Obj964,obj952-m-316,ppl:drdiddie,Dr Diddie,,,
obj952,Obj964,obj952-m-317,ppl:wmacneven,Dr Macneven,,,
obj952,Obj964,obj952-on-58,org:org_076,NY library,,,
obj952,Obj964,obj952-m-318,ppl:mcar,Matthew Carey,,,
obj952,Obj964,obj952-on-59,org:org_050,library of congress,,,
obj952,Obj964,obj952-m-319,ppl:tjefferson,President Jefferson,,,
obj952,Obj964,obj952-m-320,ppl:slmo,Lady Morgan’s,,,
obj952,Obj964,obj952-m-321,ppl:tmoo,Moore’s,,,
obj952,Obj964,obj952-m-a999,ppl:mdbricke,M De Bricke,,,
obj952,Obj964,obj952-m-322,ppl:gcld,Lefebre Desnouettes,,,
obj952,Obj964,obj952-m-323,ppl:fjlefebvre,Duke of Dantsick,,,
obj952,Obj964,obj952-m-324,ppl:mrstretch,Mr Stretch,,,
obj952,Obj964,obj952-m-325,ppl:hgreg,Mr Gregoire,,,
obj952,Obj964,obj952-m-326,ppl:wcorbet,Corbet,,,
obj952,Obj964,obj952-m-327,ppl:_keever,Keever,,,
obj952,Obj964,obj952-m-328,ppl:mmelemore,Mme Lemore,,,
obj952,Obj964,obj952-m-329,ppl:_lemore,[Lemore],,,
obj952,Obj964,obj952-m-330,ppl:_swediour,Swediour[?],,,
obj952,Obj964,obj952-m-331,ppl:mmeperceval,Madame Perceval,,,
obj952,Obj964,obj952-m-333,ppl:cdu,Charles Dupin,,,
obj952,Obj964,obj952-m-b999,ppl:_boudrot,Boudrot,,,
obj952,Obj964,obj952-m-334,ppl:jpbiot,Biot,,,
obj952,Obj964,obj952-m-335,ppl:sdpoisson,Poisson,,,
obj952,Obj964,obj952-on-60,org:org_046,Institute de France,,,
obj952,Obj964,obj952-m-336,ppl:agall,Mr. Gallatin,,,
obj952,Obj964,obj952-m-337,ppl:mtone,Mathilda Tone,,,
obj952,Obj964,obj952-m-338,ppl:twil,Mr Wilson,,,
obj953,Obj965,obj953-s-1,ppl:tjefferson,Thomas Jefferson,,sender,
obj953,Obj965,obj953-m-339,ppl:cbotta,Mr Botta,,,
obj953,Obj965,obj953-m-340,ppl:jvau,John Vaughan,,bearer,
obj953,Obj965,obj953-m-341,ppl:tmrj,Mr Randolph,,,
obj955,Obj966,obj955-s-1,ppl:wblawrence,W B Lawrence,,sender,
obj955,Obj966,obj955-m-342,ppl:wgracie,William Gracie,,,
obj956,Obj967,obj956-s-1,ppl:humboldt,Humboldt,,sender,
obj957,Obj968,obj957-s-1,ppl:blawrence,B. Lawrence,,sender,
obj957,Obj968,obj957-m-343,ppl:mrsblawrence,Mrs L [Mrs Lawrence],[Mrs Lawrence],intro,
obj957,Obj968,obj957-on-62,org:org_098,Geographical society,,,
obj958,Obj969,obj958-s-1,ppl:jrpoinsett,Joel Poinsett,,sender,
obj958,Obj969,obj958-m-344,ppl:hffaber,Mr Henry F. Faber,,bearer,
obj959,Obj970,obj959-s-1,ppl:rmpatterson,R. M. Patterson,,sender,
obj959,Obj970,obj959-m-345,ppl:weh,"Dr Horner,",,intro,
obj959,Obj970,obj959-on-63,org:org_115,U Penn,,,
obj960,Obj971,obj960-s-1,ppl:jrpoinsett,Poinsett,,sender,
obj960,Obj971,obj960-m-346,ppl:epaquenaud,Mr E. Paquenaud,,intro,
obj961,Obj972,obj961-s-1,ppl:cecdm,Coquebert-Montbret,,sender,
obj962,Obj973,add962-m-001,ppl:dog,Lord Ogilvy,,,
obj962,Obj973,obj962-m-347,ppl:wogilvy,Walter Lord Ogilvy,,,
obj962,Obj973,obj962-m-348,ppl:dog,Earl of Ogilvy,,,
obj963,Obj974,obj963-s-1,ppl:jcw,Dr John Campbell White,,sender,
obj963,Obj974,obj963-m-349,ppl:ccharper,Mr Harper,,,
obj963,Obj974,obj963-m-350,ppl:hwhite,Henry white,,,
obj963,Obj974,obj963-on-64,org:org_048,John White & Co,,,
obj963,Obj974,obj963-m-351,ppl:justicesummers,Justice Summers,,,
obj963,Obj974,obj963-m-352,ppl:apor,Judge Porter,,,
obj963,Obj974,obj963-m-353,ppl:rjp,Mr Porter,,,
obj963,Obj974,obj963-m-354,ppl:wsin,Sinclair,,,
obj963,Obj974,obj963-m-355,ppl:jchass,Lord John Chassel,,,
obj964,Obj975,obj964-s-1,ppl:tcgrattan,Thomas Colley Grattan,,sender,
obj965,Obj976,obj965-s-1,ppl:jhp,"John Howard Payne,",,sender,
obj966,Obj977,obj966-s-1,ppl:tcgrattan,Thomas Colley Grattan,,sender,
obj967,Obj978,obj967-s-1,ppl:rmpatterson,Robert. M. Patterson,,sender,
obj967,Obj978,obj967-m-356,ppl:bsbarton,Professor Barton,,,
obj968,Obj979,obj968-s-1,ppl:fpascalis,Felix Pascalis,,sender,
obj968,Obj979,obj968-m-357,ppl:tjefferson,Jefferson,,,
obj968,Obj979,obj968-m-358,ppl:mfleuriau,M. Fleuriau,,,
obj968,Obj979,obj968-m-359,ppl:jbeb,Chevalier Dr Regnault,,,
obj968,Obj979,obj968-m-360,ppl:jocham,Mr Chambers,,,
obj969,Obj980,obj969-s-1,ppl:wmacneven,Doctor MacNeven,,sender,
obj969,Obj980,obj969-m-361,ppl:cwr,Miss Camillla Wright,,intro,
obj969,Obj980,obj969-m-362,ppl:janemmacneven,Mrs MacNeven,,,
obj970,Obj981,obj970-s-1,ppl:lafayette,General La Fayette,,sender,
obj971,Obj982,obj971-s-1,ppl:hmwilliams,Mrs [Helen Maria?] Williams,,sender,
obj972,Obj983,obj972-s-1,ppl:glm,Gilbert L. Meason,,sender,
obj972,Obj983,obj972-m-363,ppl:ladyairlie,Lady Aisley [Lady Airlie?],[Lady Airlie?],,
obj972,Obj983,obj972-m-364,ppl:gwmurray,Murray,,,
obj972,Obj983,obj972-on-65,org:org_022,The British Institution,,,
obj972,Obj983,obj972-on-66,org:org_023,British Museum,,,
obj972,Obj983,obj972-on-67,org:org_007,the Advocats Library,,,
obj972,Obj983,obj972-on-68,org:org_095,Signet Library,,,
obj972,Obj983,obj972-m-365,ppl:mknapier,Mackay Napier,,,
obj972,Obj983,obj972-on-69,org:org_095,Signet Library Edinburgh,,,
obj972,Obj983,obj972-on-70,org:org_022,British Institution,,,
obj972,Obj983,obj972-m-366,ppl:aconst,Archibald Constable,,,
obj972,Obj983,obj972-m-367,ppl:glm,Gilbert Laing Meason,,,
obj973,Obj984,obj973-s-1,ppl:fpascalis,Felix Pascalis,,sender,
obj973,Obj984,obj973-m-368,ppl:jbeb,Ch. Dr Regault,,,
obj974,Obj985,obj974-s-1,ppl:slmi,Dr Sam Mitchell,,sender,
obj974,Obj985,obj974-m-369,ppl:colberthemy,Colonel Berthemy,,,
obj974,Obj985,obj974-on-71,org:org_112,Union College,,,
obj975,Obj986 ,obj975-s-1,ppl:fpascalis,Felix Pascalis,,sender,
obj975,Obj986 ,obj975-m-370,ppl:mfleuriau,Mr Fleuriau’s,,,
obj975,Obj986 ,obj975-m-371,ppl:drbarbier,Dr Barbier,,,
obj976,Obj987,obj976-s-1,ppl:sbonnif,S. Bonnifoux,,sender,
obj977,Obj988,obj977-s-1,ppl:fwr,"Miss [Frances?] Wright,",,sender,
obj978,Obj989,obj978-s-1,ppl:dwcox,Daniel W. Coxe,,sender,
obj978,Obj989,obj978-m-372,ppl:jlgrange,John de la Grange,,,
obj978,Obj989,obj978-m-373,ppl:jconnell,John Connell,,,
obj979,Obj990,obj979-s-1,ppl:jmrp,Joseph Priestley,,sender,
obj979,Obj990,obj979-m-374,,Dr Robertson,,,
obj979,Obj990,obj979-m-375,ppl:maj,Mr Julien,,,
obj980,Obj991,obj980-s-1,ppl:slmo,Lady Morgan,,sender,
obj980,Obj991,obj980-m-376,ppl:jdalrymp,Lord John Dalrymple,,,
obj980,Obj991,obj980-m-377,ppl:_tapellex,Tapellex,,,
obj981,Obj992,obj981-s-1,ppl:agall,Albert Gallatin,,sender,
obj981,Obj992,obj981-m-378,ppl:hannahgall,Mrs Gallatin,,,
obj982,Obj993,obj982-on-72,org:org_098,Societe de Geographie,,sender,
obj983,Obj994,obj983-s-1,ppl:slmo,Lady Morgan,,sender,
obj983,Obj994,obj983-m-379,ppl:cmorgan,Charles,,,
obj984,Obj995,obj984-s-1,ppl:jmrp,J. Priestley,,sender,
obj985,Obj996,obj985-s-1,ppl:bst,"Bartho. Stricht, [Bartholomew Stricht]",[Bartholomew Stricht],sender,
obj987,Obj997,obj987-s-1,ppl:bst,B Strict [Bartholomew Stricht],[Bartholomew Stricht],sender,
obj988,Obj998,obj988-s-1,ppl:dbw,DBW,,sender,
obj988,Obj998,obj988-r-1,ppl:wtwtone,Theobald Wolfe Tone [William Tone],[William Tone],recipient,
obj988,Obj998,obj988-m-380,ppl:twil,Mr [Wilson],,,
obj988,Obj998,obj988-m-380a,ppl:mtone,Mrs Wilson,,,
obj988,Obj998,obj988-on-73,org:org_046,the Institute,,,
obj989,Obj999,obj989-s-1,ppl:spleason,S. Pheasonton,,sender,
obj989,Obj999,obj989-m-381,ppl:jqa,Mr Adams [John Quincey Adams],[John Quincey Adams],,
obj990,Obj1000,obj990-s-1,ppl:glm,Gilbert Meason,,sender,
obj991,Obj1001,obj991-s-1,ppl:epb,Eliza Patterson,,sender,
obj991,Obj1001,obj991-m-382,ppl:jernbonap,Jerome Napoleon Bonaparte,,,
obj992,Obj1002,obj992-s-1,ppl:epb,Eliza Patterson,,sender,
obj993,Obj1002,obj993-s-1,ppl:epb,Eliza Patterson,,sender,
obj994,Obj1003,obj994-s-1,ppl:wsin,Rev William Sinclair,,sender,
obj994,Obj1003,obj994-on-74,org:org_024,College of Baltimore,,,
obj994,Obj1003,obj994-m-384,ppl:jcw,Dr White’s,,,
obj994,Obj1003,obj994-m-385,ppl:wsd,Doctor Dickson,,,
obj995,Obj1004,obj995-on-75,org:org_100,La Societe Linneenee de Paris,,,
obj995,Obj1004,obj995-s-1,ppl:_deberneaud,de Berneaud,,sender,
obj996,Obj1005,obj996-s-1,ppl:jbsay,Jean Baptiste Say,,sender,
obj997,Obj1006,obj997-s-1,ppl:ttaylor,Thomas Taylore,,sender,
obj998,Obj1007,obj998-s-1,ppl:tjefferson,Thomas Jefferson,,sender,
obj998,Obj1007,obj998-r-1,ppl:dbw,David Bailie Warden,,recipient,
obj999,Obj1008,obj999-s-1,ppl:epb,Elizabeth Patterson,,sender,
obj1000,Obj1009,obj1000-s-1,ppl:agall,Albert Gallatin,,sender,
obj1001,Obj1010,obj1001-s-1,ppl:wmacneven,Dr William MacNeven,,sender,
obj1001,Obj1010,obj1001-on-76,org:org_025,"College of Physicians and Surgeons, New York",,,
obj1001,Obj1010,obj1001-m-386,ppl:_crachard,Crachard,,,
obj1001,Obj1010,obj1001-m-387,ppl:_treattel,Treattel,,,
obj1002,Obj1011,obj1002-s-1,ppl:jbsay,Jean Baptiste Say,,sender,
obj1002,Obj1011,obj1002-m-388,ppl:mrpillard,Mr Pillard,,,
obj1004,Obj1012,obj1004-s-1,ppl:wtwtone,W. T. W. Tone [William Theobald Wolfe Tone],[William Theobald Wolfe Tone],sender,
obj1004,Obj1012,obj1004-m-389,ppl:jqa,Adams,,,
obj1004,Obj1012,obj1004-m-390,ppl:whcrawford,Crawford,,,
obj1004,Obj1012,obj1004-m-391,ppl:jccalhoun,Calhoun,,,
obj1004,Obj1012,obj1004-m-392,ppl:henryclay,Clay,,,
obj1004,Obj1012,obj1004-m-a999,ppl:aditurbide,[Agustín de Iturbide],,,
obj1004,Obj1012,obj1004-m-393,ppl:gengmason,General Mason,,,
obj1004,Obj1012,obj1004-m-b999,ppl:genmacomb,General Macomb,,,
obj1004,Obj1012,obj1004-m-394,ppl:wcorbet,Corbet,,,
obj1004,Obj1012,obj1004-m-395,ppl:mtone,Mathilda Tone,,,
obj1004,Obj1012,obj1004-m-396,ppl:twil,Mr Wilson,,,
obj1005,Obj1013,obj1005-s-1,ppl:wsampson,William Sampson,,sender,
obj1005,Obj1013,obj1005-r-1,ppl:dbw,DBW,,recipient,
obj1005,Obj1013,obj1005-on-77,org:org_041,the Historical Society,,,
obj1005,Obj1013,obj1005-m-397,ppl:pdup,Mr Duponceau,,,
obj1005,Obj1013,obj1005-m-398,ppl:maj,Mr Jullien,,,
obj1005,Obj1013,obj1005-m-399,,Bishop Gregory’s,,,
obj1005,Obj1013,obj1005-m-400,ppl:jfb,Dr Berger,,,
obj1005,Obj1013,obj1005-m-401,ppl:jbro,Mr Brown,,,
obj1005,Obj1013,obj1005-m-402,ppl:mrhacket,Mr [Hacket],,,
obj1005,Obj1013,obj1005-m-402a,ppl:mmehacket,Madam Hacket,,,
obj1006,Obj1014,obj1006-s-1,ppl:_noyet,Noyet,,sender,
obj1006,Obj1014,obj1006-m-404,ppl:humboldt,Baron d’Humboldt,,,
obj1007,Obj1015,obj1007-s-1,ppl:_noyet,Noyet,,sender,
obj1008,Obj1016,obj1008-s-1,ppl:jocham,John Chambers,,sender,
obj1009,Obj1017,obj1009-s-1,ppl:ttaylor,Thomas Taylor,,sender,
obj1009,Obj1017,obj1009-m-a999,ppl:weastburn,W Eastburn,,,
obj1010,Obj1018,obj1010-s-1,ppl:jccabell,Joseph C. Cabell,,sender,
obj1010,Obj1018,obj1010-m-405,ppl:jjambler,"Mr John J. Ambler,",,intro,
obj1010,Obj1018,obj1010-m-406,ppl:coljjambler,Col. John Ambler,,,
obj1011,Obj1019,obj1011-s-1,ppl:jccabell,Joseph C. Cabell,,sender,
obj1011,Obj1019,obj1011-m-407,ppl:jjambler,John Ambler,,bearer,
obj1011,Obj1019,obj1011-on-78,org:org_117,University in Virginia,,,
obj1012,Obj1020,obj1012-s-1,ppl:cecdm,Coquebert Montbret,,sender,
obj1014,Obj1022,obj1014-s-1,ppl:humboldt,Baron d’Humboldt,,sender,
obj1015,Obj1023,obj1015-s-1,ppl:humboldt,Baron d’Humboldt,,sender,
obj1016,Obj1024,obj1016-s-1,ppl:_hereau,Hereau,,sender,
obj1016,Obj1024,obj1016-pl-389,,Bureau Central de la Revue Encyclopedique,,,
obj1017,Obj1054,obj1017-s-1,ppl:mstorrow,M. Storrow,,sender,
obj1017,Obj1054,obj1017-m-408,ppl:drrobbins,Doct. Robbins,,,
obj1017,Obj1054,obj1017-m-409,ppl:rwj,Mr Walsh,,,
obj1018,Obj1054,obj1018-s-1,ppl:dhos,David Hosack,,sender,
obj1018,Obj1054,obj1018-m-410,ppl:dei,Mr Ives,,intro,
obj1019,Obj1055,obj1019-s-1,ppl:wmacneven,William MacNeven,,sender,
obj1019,Obj1055,obj1019-m-411,ppl:mrlarue,Mr La Rue,,,
obj1019,Obj1055,obj1019-m-412,ppl:_berthollet,Berthollet,,,
obj1019,Obj1055,obj1019-m-413,ppl:blgrange,Bouillon la Grange,,,
obj1019,Obj1055,obj1019-m-414,ppl:_sweetman,Sweetman,,,
obj1019,Obj1055,obj1019-m-415,ppl:twil,Mr [Wilson],,,
obj1019,Obj1055,obj1019-m-415a,ppl:mtone,Mrs Wilson,,,
obj1019,Obj1055,obj1019-m-416,ppl:wtwtone,Captain Tone,,,
obj1019,Obj1055,obj1019-on-79,org:org_025,College of Physicians,,,
obj1020,Obj1056,obj1020-s-1,ppl:ejpringle,Edward J. Pringle,,sender,
obj1020,Obj1056,obj1020-m-417,ppl:rpringle,Mr Robert Pringle,,intro,
obj1021,Obj1057,obj1021-s-1,ppl:wmacneven,William Macneven,,sender,
obj1021,Obj1057,obj1021-m-418,ppl:_chauffesuer,Chauffesuer,,,
obj1021,Obj1057,obj1021-m-419,ppl:captwatkins,Captain Watkins,,bearer,
obj1022,Obj1058,obj1022-s-1,ppl:dhos,David Hosack,,sender,
obj1022,Obj1058,obj1022-m-420,ppl:jjambler,J.J Ambler,,intro,
obj1023,Obj1059,obj1023-s-1,ppl:jocham,John Chambers,,sender,
obj1023,Obj1059,obj1023-m-421,ppl:hcderh,H. C. De Rham,,,
obj1023,Obj1059,obj1023-on-80,org:org_065,Messrs Dr Leffert and co. of Paris,,,
obj1023,Obj1059,obj1023-m-422,ppl:skiddy,Captain Skiddy,,,
obj1023,Obj1059,obj1023-m-423,,Mrs C,,,
obj1023,Obj1059,obj1023-m-424,ppl:mrsjocham,Mrs Chambers,,,
obj1023,Obj1059,obj1023-m-425,ppl:mrparks,Mr Parks,,,
obj1024,Obj1060,obj1024-s-1,ppl:labp,"Louis Andre Pichon,",,sender,
obj1025,Obj1061,obj1025-s-1,ppl:bcon,Benjamin Constant,,sender,
obj1025,Obj1061,obj1025-m-426,ppl:fwr,Miss Wright,,,
obj1025,Obj1061,obj1025-m-427,ppl:mrwaren,Mr Waren,,,
obj1026,Obj1062,obj1026-s-1,ppl:dbw,DBW,,sender,
obj1026,Obj1062,obj1026-r-1,ppl:bcon,Benjamin Constant,,recipient,
obj1027,Obj1063,obj1027-s-1,ppl:fwr,Miss Frances Wright,,sender,
obj1027,Obj1063,obj1027-m-428,ppl:bcon,M de Constant,,,
obj1028,Obj1064,obj1028-s-1,ppl:wmacneven,Willim James MacNeven,,sender,
obj1028,Obj1064,obj1028-m-429,ppl:captwilkins,Captain Wilkins,,bearer,
obj1029,Obj1065,obj1029-s-1,ppl:wmacneven,William James MacNeven,,sender,
obj1030,Obj1066,obj1030-s-1,ppl:bcon,Benjamin Constant,,sender,
obj1030,Obj1066,obj1030-m-430,ppl:mrvaraignen,Mr Varaignen,,,
obj1031,Obj1067,obj1031-s-1,ppl:lafayette,General Lafayette,,sender,
obj1031,Obj1067,obj1031-m-431,ppl:bcon,Benjamin Constant,,,
obj1032,Obj1068,obj1032-s-1,ppl:epb,Elizabeth Patterson Bonaparte,,sender,
obj1032,Obj1068,obj1032-m-432,ppl:rgbeasley,Beasley,,,
obj1032,Obj1068,obj1032-m-433,ppl:mrjannin,Mr Jannin,,bearer,
obj1032,Obj1068,obj1032-m-434,ppl:mrjannin,Jannin,,,
obj1032,Obj1068,obj1032-on-82,org:org_067,Messrs Hentsch Bankers Geneva,,,
obj1032,Obj1068,obj1032-m-435,ppl:lbra,Mr Bradish,,,
obj1032,Obj1068,obj1032-m-436,ppl:mvndv,Marquis de Villette,,,
obj1032,Obj1068,obj1032-m-437,ppl:rgbeasley,Beasley,,,
obj1033,Obj1069,obj1033-s-1,ppl:mmn,"Mordecai M. Noah,",,sender,
obj1033,Obj1069,obj1033-m-438,ppl:ltlevy,Lt Levy,,intro,
obj1033,Obj1069,obj1033-on-83,org:org_118,US Navy,,,
obj1034,Obj1070,obj1034-s-1,ppl:bcon,Benjamin Constant,,sender,
obj1035,Obj1071,obj1035-s-1,ppl:rwhite,Robert White,,sender,
obj1035,Obj1071,obj1035-m-439,ppl:skiddy,Capt. Skiddy,,,
obj1036,Obj1071,obj1036-s-1,ppl:rmpatterson,Robert M Patterson,,sender,
obj1036,Obj1071,obj1036-m-440,ppl:djmc,Dr Joseph Cloud,,intro,
obj1036,Obj1071,obj1036-m-441,ppl:jcloud,Mr Cloud,,,
obj1036,Obj1071,obj1036-on-84,org:org_078,office of the US mint,,,
obj1037,Obj1071,obj1037-s-1,ppl:wmacneven,Dr William Macneven,,sender,
obj1037,Obj1071,obj1037-m-442,ppl:pjr,Mr Robiquet,,,
obj1038,Obj1072,obj1038-on-85,org:org_046,the Institute de France,,,
obj1039,Obj1073,obj1039-s-1,ppl:tjefferson,Thomas Jefferson,,sender,
obj1039,Obj1073,obj1039-m-443,ppl:humboldt,Humboldt,,,
obj1039,Obj1073,obj1039-m-444,ppl:_thouin,Thouin,,,
obj1039,Obj1073,obj1039-m-445,ppl:bgdlacepede,LaCepede,,,
obj1039,Obj1073,obj1039-m-a999,ppl:acoray,Mr Coray,,,
obj1039,Obj1073,obj1039-on-86,org:org_064,"Messrs Debures, freres, libraries",,,
obj1039,Obj1073,obj1039-m-446,ppl:rgbeasley,Mr Beasley,,,
obj1040,Obj1074,obj1040-s-1,ppl:wtaylor,William Taylor,,sender,
obj1040,Obj1074,obj1040-m-447,ppl:mrpicquet,Mr Picquet,,,
obj1040,Obj1074,obj1040-m-448,ppl:saeliot,Mr Eliot,,,
obj1040,Obj1074,obj1040-m-449,ppl:jlfdecheverus,Bishop Cheverures,,,
obj1040,Obj1074,obj1040-m-450,ppl:jqa,John Q. Adams,,,
obj1040,Obj1074,obj1040-m-451,ppl:whcrawford,Crawford,,,
obj1040,Obj1074,obj1040-m-452,ppl:_plowden,Plowden,,,
obj1040,Obj1074,obj1040-m-453,ppl:hgreg,Gregoire,,,
obj1040,Obj1074,obj1040-m-454,ppl:jbl,Chevalier,,,
obj1041,Obj1074,obj1041-s-1,ppl:epb,Elizabeth Patterson,,sender,
obj1042,Obj1074,obj1042-s-1,ppl:wmacneven,William Macneven,,sender,
obj1042,Obj1074,obj1042-m-455,ppl:_mcguignonmarres,Mcguignon-Marres,,,
obj1042,Obj1074,obj1042-m-456,ppl:_crockard,Crockard,,,
obj1042,Obj1074,obj1042-m-457,ppl:missframe,Miss Frame,,,
obj1042,Obj1074,obj1042-m-458,ppl:jmch,Dr McHenry,,,
obj1042,Obj1074,obj1042-m-459,ppl:_wallaston,Wallaston,,,
obj1042,Obj1074,obj1042-m-460,ppl:capthawkins,Captain Hawkins,,,
obj1042,Obj1074,obj1042-on-87,org:org_013,B. B. Rhodes and co.,,,
obj1042,Obj1074,obj1042-m-461,ppl:bboisge,Miss Bonnaffe Boisgerard,,,
obj1043,Obj1075,obj1043-s-1,ppl:humboldt,Humboldt,,sender,
obj1044,Obj1076,obj1044-s-1,ppl:wmacneven,MacNeven,,sender,
obj1044,Obj1076,obj1044-m-462,ppl:jocham,Mr Chambers,,,
obj1044,Obj1076,obj1044-m-463,ppl:mrlarue,La Rue,,,
obj1044,Obj1076,obj1044-m-464,ppl:mrgarnier,Mr Garnier,,,
obj1045,Obj1077,obj1045-s-1,ppl:cji,Ingersoll [Charles Jared Ingersoll],[Charles Jared Ingersoll],sender,
obj1045,Obj1077,obj1045-m-466,ppl:jbro,Brown,,,
obj1045,Obj1077,obj1045-on-88,org:org_011,American Philosophical Society,,,
obj1045,Obj1077,obj1045-m-467,ppl:maj,M. Jullien,,,
obj1047,Obj1078,obj1047-s-1,ppl:wcoop,W. Cooper,,sender,
obj1047,Obj1078,obj1047-on-89,org:org_057,Lyceum of Natural history,,,
obj1047,Obj1078,obj1047-m-468,ppl:rgbeasley,Mr Beasley,,,
obj1047,Obj1078,obj1047-m-469,ppl:bdf,Baron du Ferrusac,,,
obj1047,Obj1078,obj1047-on-90,org:org_051,Library of the Jardin des Planets,,,
obj1047,Obj1078,obj1047-on-91,org:org_056,Lunar Society,,,
obj1047,Obj1078,obj1047-m-470,ppl:ablogniad,Mr A Blogniad,,,
obj1047,Obj1078,obj1047-m-471,ppl:jbstevenson,Dr Stevenson,,,
obj1047,Obj1078,obj1047-m-472,ppl:vjacquemont,Mr Jacquemont,,,
obj1047,Obj1078,obj1047-m-473,ppl:rmpatterson,Mr Patterson,,,
obj1047,Obj1078,obj1047-m-474,ppl:jwfran,Dr Francis,,,
obj1048,Obj1079,obj1048-s-1,ppl:slmo,Lady Morgan,,sender,
obj1048,Obj1079,obj1048-m-475,ppl:ltgencockburn,Lt General Cockburn,,intro,
obj1049,Obj1080,obj1049-s-1,ppl:gcv,"G. C. Verplanck,",,sender,
obj1049,Obj1080,obj1049-on-92,org:org_112,Union College,,,
obj1049,Obj1080,obj1049-on-93,org:org_057,Lyceum of Natural History,,,
obj1049,Obj1080,obj1049-on-94,org:org_074,the Literary and Phil,,,
obj1049,Obj1080,obj1049-m-476,ppl:_yates,Yates,,,
obj1050,Obj1081,obj1050-s-1,ppl:wtaylor,William Taylor,,sender,
obj1050,Obj1081,obj1050-m-477,ppl:wpgrinnell,W. P Grinnell,,intro,
obj1050,Obj1081,obj1050-m-478,ppl:hgreg,Gregoire,,,
obj1050,Obj1081,obj1050-m-479,ppl:jbl,Chevalier,,,
obj1051,Obj1082,obj1051-s-1,ppl:jtk,"John Thornton Kirkland,",,sender,
obj1051,Obj1082,obj1051-on-95,org:org_040,Harvard University,,,
obj1052,Obj1083,obj1052-s-1,ppl:wmacneven,William MacNeven,,sender,
obj1052,Obj1083,obj1052-r-1,ppl:dbw,DBW,,recipient,
obj1052,Obj1083,obj1052-m-480,ppl:_cunningham,Cunningham,,,
obj1052,Obj1083,obj1052-m-481,ppl:jqa,John Adams,,,
obj1052,Obj1083,obj1052-m-482,ppl:tpicker,Timothy Pickering,,,
obj1052,Obj1083,obj1052-m-483,ppl:captmaran,Captain Maran,,,
obj1053,Obj1083,obj1053-s-1,ppl:humboldt,Baron Humboldt,,sender,
obj1053,Obj1083,obj1053-m-484,ppl:hgreg,Mr Grégoire,,,
obj1054,Obj1084,obj1054-s-1,ppl:humboldt,Baron Humboldt,,sender,
obj1055,Obj1085,obj1055-s-1,ppl:awalker,Alexander Walker,,sender,
obj1055,Obj1085,obj1055-m-485,ppl:cbotta,Mr Botta,,,
obj1055,Obj1085,obj1055-m-486,ppl:acoray,Mr Coray,,,
obj1056,Obj1086,obj1056-s-1,ppl:wsampson,William Sampson,,sender,
obj1056,Obj1086,obj1056-m-a999,ppl:dsheldon,Mr Sheldon,,,
obj1056,Obj1086,obj1056-m-487,ppl:agall,Mr Gallatin,,,
obj1056,Obj1086,obj1056-m-488,ppl:lafayette,Lafayette,,,
obj1057,Obj1087,obj1057-s-1,ppl:jwfran,"Dr John W. Francis,",,sender,
obj1057,Obj1087,obj1057-m-489,ppl:drburney,Dr Burney,,intro,
obj1057,Obj1087,obj1057-on-96,org:org_046,the Institute,,,
obj1057,Obj1087,obj1057-on-97,org:org_047,Botanic Garden,,,
obj1058,Obj1088,obj1058-on-98,org:org_057,Lyceum of Natural History,,sender,
obj1059,Obj1089,obj1059-s-1,ppl:missyates,Miss Yates,,sender,
obj1060,Obj1090,obj1060-s-1,ppl:medg,Maria Edgeworth,,sender,
obj1060,Obj1090,obj1060-r-1,ppl:rnk1,[?],,recipient,
obj1060,Obj1090,obj1060-m-a999,ppl:wascott,[Walter Scott],,,
obj1060,Obj1090,obj1060-m-490,ppl:mmn,Mr Noah,,,
obj1061,Obj1091,obj1061-s-1,ppl:glm,Gilbert Meason,,sender,
obj1061,Obj1091,obj1061-m-491,ppl:jrussell,Mr Russell,,intro,
obj1061,Obj1091,obj1061-m-492,ppl:jrussell,Dr James Russell,,,
obj1061,Obj1091,obj1061-m-493,ppl:dog,Lord,,,
obj1061,Obj1091,obj1061-m-493a,ppl:lco,Lady Ogilvy,,,
obj1063,Obj1092,obj1063-s-1,ppl:mcar,"Matthew Carey,",,sender,
obj1063,Obj1092,obj1063-m-494,ppl:rgbeasley,Mr Beasley,,bearer,
obj1063,Obj1092,obj1063-on-99,org:org_063,Messer Bossange,,,
obj1064,Obj1093,obj1064-s-1,ppl:mamd,"Madame Aubley,",,sender,
obj1065,Obj1093,obj1065-s-1,ppl:epc,Eliza Parke Custis,,sender,
obj1065,Obj1093,obj1065-m-495,ppl:nlrogers,Mr R--- [Nicholas Lloyd Rogers],,,
obj1065,Obj1093,obj1065-m-496,ppl:lafayette,General LaFayette,,,
obj1066,Obj1094,obj1066-s-1,ppl:bcon,Benjamin Constant,,sender,
obj1067,Obj1095,obj1067-s-1,ppl:mamd,"Madame Aubley,",,sender,
obj1068,Obj1096,obj1068-s-1,ppl:wsampson,William Sampson,,sender,
obj1068,Obj1096,obj1068-m-497,ppl:jbro,Mr brown,,,
obj1068,Obj1096,obj1068-m-498,ppl:anb,Mrs Brown,,,
obj1068,Obj1096,obj1068-m-499,,Sedgwick,,,
obj1068,Obj1096,obj1068-m-500,ppl:ajackson,General Jackson,,,
obj1069,Obj1097,obj1069-s-1,ppl:mcp,M. C Patterson,,sender,
obj1069,Obj1097,obj1069-m-501,ppl:mrbronson,Mr Bronson,,intro,
obj1069,Obj1097,obj1069-m-502,ppl:dranderson,Dr Anderson,,,
obj1070,Obj1098,obj1070-m-503,ppl:jcw,Dr White,,,
obj1071,Obj1099,obj1071-s-1,ppl:amo,"Anthony Morris,",,sender,
obj1071,Obj1099,obj1071-on-101,org:org_068,Messers Perrigaux,,,
obj1072,Obj1100,obj1072-s-1,ppl:wmacneven,Dr William James Macneven,,sender,
obj1072,Obj1100,obj1072-m-504,ppl:drcromwell,Dr Cromwell,,bearer,
obj1073,Obj1101,obj1073-s-1,ppl:dhos,David Hosack,,sender,
obj1073,Obj1101,obj1073-m-505,ppl:nhc,Prof Carter,,intro,
obj1074,Obj1102,obj1074-s-1,ppl:jmorton,John Morton,,sender,
obj1074,Obj1102,obj1074-m-506,ppl:nhc,Carter,,,
obj1075,Obj1103,obj1075-s-1,ppl:jocham,John Chambers,,sender,
obj1075,Obj1103,obj1075-m-507,ppl:_mcmannony,McMannony,,,
obj1075,Obj1103,obj1075-m-508,ppl:rwhite,Robert White,,,
obj1075,Obj1103,obj1075-m-509,ppl:drromaine,Dr Romaine,,,
obj1075,Obj1103,obj1075-on-102,org:org_044,the Lords,,,
obj1075,Obj1103,obj1075-m-510,ppl:mrparks,Mr Parks,,,
obj1075,Obj1103,obj1075-m-511,,Mrs C,,,
obj1076,Obj1104,obj1076-s-1,ppl:wsampson,William Sampson,,sender,
obj1076,Obj1104,obj1076-m-512,ppl:misssedgewick,Miss Sedgewick,,,
obj1076,Obj1104,obj1076-m-513,ppl:hsedg,Mr Henry Sedgewick,,,
obj1076,Obj1104,obj1076-m-514,ppl:tco,Judge Cooper,,,
obj1076,Obj1104,obj1076-m-515,ppl:cdu,Mr Dupin,,,
obj1076,Obj1104,obj1076-m-516,ppl:pdup,Mr Duponceau’s,,,
obj1076,Obj1104,obj1076-m-517,ppl:jvanderlyn,Mr Vandenlyn,,,
obj1076,Obj1104,obj1076-m-518,ppl:ncar,Carlisle,,,
obj1077,Obj1105,obj1077-s-1,ppl:hbcarey,H. B. Carey,,sender,
obj1078,Obj1106,obj1078-s-1,ppl:sms,"Dr S Stephenson,",,sender,
obj1078,Obj1106,obj1078-m-519,ppl:mreccles,Mr Eccles,,,
obj1079,Obj1107,obj1079-s-1,ppl:jstidell,J. Stidell,,sender,
obj1079,Obj1107,obj1079-m-520,ppl:jstidell,Lt. Stidell,,intro,
obj1080,Obj1108,obj1080-s-1,ppl:epc,Eliza Parke Custis,,sender,
obj1080,Obj1108,obj1080-m-521,ppl:lafayette,General Lafayette,,,
obj1081,Obj1109,obj1081-s-1,ppl:wsampson,William Sampson,,sender,
obj1081,Obj1109,obj1081-m-522,ppl:jvanderlyn,Vandenlyn,,,
obj1081,Obj1109,obj1081-m-523,ppl:pdup,Mr Deponceau,,,
obj1081,Obj1109,obj1081-m-524,ppl:lsb,Miss Belloc,,,
obj1081,Obj1109,obj1081-m-525,ppl:csa,[Catherine Sampson],,,
obj1081,Obj1109,obj1081-m-526,ppl:wtwtone,the son of Theobald Wolfe Tone [William Tone],the son of Theobald Wolfe Tone,,
obj1082,Obj1110,obj1082-s-1,ppl:cbotta,Charles Botta,,sender,
obj1083,Obj1111,obj1083-s-1,ppl:jslidell,John Slidell,,sender,
obj1083,Obj1111,obj1083-m-527,ppl:drriley,Doctor Riley,,intro,
obj1084,Obj1112,obj1084-s-1,ppl:mcpaterson,M. Patterson,,sender,
obj1084,Obj1112,obj1084-m-528,ppl:sbw,Dr Wylie,,intro,
obj1085,Obj1113,obj1085-on-103,org:org_101,"Societe Linneenne du Calvados,",,sender,
obj1086,Obj1114,obj1086-s-1,ppl:jwfran,Dr John W. Francis,,sender,
obj1086,Obj1114,obj1086-m-529,ppl:estover,Dr E Stover,,intro,
obj1087,Obj1115,obj1087-s-1,ppl:dkmouri,D. K. Mourier,,sender,
obj1089,Obj1115,obj1089-s-1,ppl:nhc,N. H. Carter,,sender,
obj1089,Obj1115,obj1089-m-530,ppl:mreckeford,Mr Eckeford,,,
obj1090,Obj1115,obj1090-s-1,ppl:humboldt,Humboldt,,sender,
obj1091,Obj1116,obj1091-s-1,ppl:dhos,David Hosack,,sender,
obj1091,Obj1116,obj1091-m-531,ppl:drwilkes,Dr Wilkes,,intro,
obj1092,Obj1117,obj1092-s-1,ppl:swhitehall,Sam Whitehall,,sender,
obj1093,Obj1118,obj1093-s-1,ppl:humboldt,Baron Humboldt,,sender,
obj1094,Obj1119,obj1094-s-1,ppl:jwfran,John W. Francis,,sender,
obj1094,Obj1119,obj1094-m-532,ppl:mrmay,Mr May,,intro,
obj1095,Obj1120,obj1095-s-1,ppl:jccabell,Joseph Cabell,,sender,
obj1095,Obj1120,obj1095-m-533,ppl:rsaunders,Mr Robert Saunders Jr,,intro,
obj1095,Obj1120,obj1095-m-534,ppl:rjj,Joyce,,,
obj1095,Obj1120,obj1095-m-535,ppl:wbin,Bingley,,,
obj1095,Obj1120,obj1095-m-536,ppl:cpdlds,Count de Laysterie,,,
obj1096,Obj1121,obj1096-s-1,ppl:cst,"Colonel Sylvanus Thayer,",,sender,
obj1096,Obj1121,obj1096-m-537,ppl:jfcooper,James Cooper Esq,,intro,
obj1097,Obj1122,obj1097-s-1,ppl:cst,"Colonel Sylvanus Thayer,",,sender,
obj1097,Obj1122,obj1097-m-538,ppl:dmahan,Lt Dennis Mahan,,intro,
obj1097,Obj1122,obj1097-on-107,org:org_070,Military Academy,,,
obj1098,Obj1123,obj1098-s-1,ppl:jcw,"Dr John Campbell White,",,sender,
obj1098,Obj1123,obj1098-m-539,ppl:brcdl,Baron Larcy,,,
obj1098,Obj1123,obj1098-m-540,ppl:jqa,President Adams,,,
obj1098,Obj1123,obj1098-m-541,ppl:agall,Albert Gallatin,,,
obj1099,Obj1124,obj1099-s-1,ppl:jccabell,Joseph Cabell,,sender,
obj1099,Obj1124,obj1099-m-542,ppl:rhcabell,Dr Robert Cabell,,intro,
obj1100,Obj1125,obj1100-s-1,ppl:jccabell,Joseph Cabell,,sender,
obj1100,Obj1125,obj1100-m-543,ppl:rhcabell,Dr Cabell,,,
obj1100,Obj1125,obj1100-m-544,ppl:rsaunders,Mr Saunders,,,
obj1101,Obj1126,obj1101-s-1,ppl:jocham,John Chambers,,sender,
obj1101,Obj1126,obj1101-m-545,ppl:govwilkins,Governor Wilkins,,intro,
obj1102,Obj1127,obj1102-s-1,ppl:epb,Elizabeth Patterson [Bonaparte],,sender,
obj1103,Obj1128,obj1103-s-1,ppl:epb,Elizabeth Patterson,,sender,
obj1103,Obj1128,add1103-m-001,ppl:jbro ppl:anb,the Browns,,,
obj1104,Obj1129,obj1104-s-1,ppl:rmpatterson,R. M. Patterson,,sender,
obj1104,Obj1129,obj1104-m-546,ppl:mrfisher,Mr Fisher,,intro,
obj1105,Obj1130,obj1105-s-1,ppl:jocham,John Chambers,,sender,
obj1105,Obj1130,obj1105-m-547,ppl:jwhitej,Mr White,,,
obj1105,Obj1130,obj1105-m-548,ppl:jcw,Dr White,,,
obj1105,Obj1130,obj1105-m-549,ppl:swhite,Stephen,,,
obj1105,Obj1130,obj1105-m-550,ppl:dwhite,Decimus,,,
obj1105,Obj1130,obj1105-m-551,ppl:jwhitej,John,,,
obj1105,Obj1130,obj1105-on-108,org:org_114,Congress,,,
obj1105,Obj1130,obj1105-m-552,,Mrs C.,,,
obj1106,Obj1131,obj1106-s-1,ppl:efjomard,[Jomard],,sender,
obj1106,Obj1131,obj1106-on-109,org:org_098,Societe de Geographie,,,
obj1107,Obj1132,obj1107-s-1,ppl:eob,"Miss Benger,",,sender,
obj1107,Obj1132,obj1107-m-553,ppl:eob,Miss Benger,,,
obj1107,Obj1132,obj1107-m-554,ppl:ekennie,Miss Eliza Kennie,,,
obj1107,Obj1132,obj1107-m-555,ppl:lsb,Madame Belloc,,,
obj1107,Obj1132,obj1107-m-556,,Miss Clarke,,,
obj1107,Obj1132,obj1107-m-557,ppl:mvndv,Belle and Bonne,,,
obj1107,Obj1132,obj1107-m-558,ppl:maj,Mr Julien,,,
obj1108,Obj1133,obj1108-s-1,ppl:hgreg,Henri Gregoire,,sender,
obj1108,Obj1133,obj1108-m-559,ppl:ajr,Mr Rademeker,,bearer intro,
obj1109,Obj1134,obj1109-s-1,ppl:nhc,"N. H. Carter,",,sender,
obj1109,Obj1134,obj1109-m-560,ppl:mreckeford,Mr Eckeford,,,
obj1110,Obj1135,obj1110-s-1,ppl:agall,Albert Gallatin,,sender,
obj1110,Obj1135,obj1110-m-561,ppl:jtb,"Mr Buckingham,",,intro,
obj1110,Obj1135,obj1110-m-562,ppl:eev,Mr Everett,,,
obj1110,Obj1135,obj1110-on-110,org:org_114,Congress,,,
obj1111,Obj1136,obj1111-s-1,ppl:mrgarnett,"[Garnett,]",,sender,
obj1111,Obj1136,obj1111-m-563,,Mrs Clarke,,,
obj1112,Obj1137,obj1112-s-1,ppl:nhc,"N.H. C[arter],",,sender,
obj1113,Obj1138,obj1113-s-1,ppl:hmwilliams,Helena M. Williams,,sender,
obj1113,Obj1138,obj1113-m-564,ppl:mrpichens,Mr Pichens,,,
obj1113,Obj1138,obj1113-m-565,ppl:mrbabier,Mr Babier,,bearer,
obj1114,Obj1139,obj1114-s-1,ppl:hmwilliams,Helena M. Williams,,sender,
obj1114,Obj1139,obj1114-m-566,ppl:jhs,Mr Stone,,,
obj1115,Obj1140,obj1115-s-1,ppl:hmwilliams,Helena Williams,,sender,
obj1115,Obj1140,obj1115-m-567,ppl:fclh,M. La Harpe,,,
obj1116,Obj1141,obj1116-s-1,ppl:hmwilliams,Helena M Williams,,sender,
obj1116,Obj1141,obj1116-m-568,ppl:jhs,Mr Stone,,,
obj1116,Obj1141,obj1116-m-569,ppl:mrgarnett,Mr [Garnet?],,,
obj1117,Obj1142,obj1117-s-1,ppl:hmwilliams,Helena Maria Williams,,sender,
obj1117,Obj1142,obj1117-m-571,ppl:mrdickens,Mr Dickens,,,
obj1117,Obj1142,obj1117-m-572,ppl:humboldt,M. Humboldt,,,
obj1119,Obj1143,obj1119-s-1,ppl:lafayette,LaFayette,,sender,
obj1120,Obj1144,obj1120-s-1,ppl:lfnk,looks like LF,,sender,
obj1121,Obj1145,obj1121-on-111,org:org_048,"John White & co.,",,sender,
obj1121,Obj1145,obj1121-m-574,ppl:jcw,Dr John White,,,
obj1121,Obj1145,obj1121-on-112,org:org_123,Welles & Co,,,
obj1121,Obj1145,obj1121-on-113,org:org_108,Thomas Callerson and co,,,
obj1121,Obj1145,obj1121-m-575,ppl:mrrandall,Mr Randall,,,
obj1121,Obj1145,obj1121-m-576,ppl:rwhite,Robert White,,,
obj1121,Obj1145,obj1121-m-577,ppl:leroybenger,le Roy Benger,,,
obj1122,Obj1146,obj1122-s-1,ppl:jmea,"James Meale,",,sender,
obj1122,Obj1146,obj1122-on-114,org:org_098,Society of Geography,,,
obj1122,Obj1146,obj1122-m-578,ppl:pdup,Duponceau,,,
obj1122,Obj1146,obj1122-m-579,ppl:baronvonhammer,Baron Von Hammer,,,
obj1123,Obj1147,obj1123-s-1,ppl:jtb,"Joseph. H. Buckingham,",,sender,
obj1123,Obj1147,obj1123-m-580,ppl:rgbeasley,Mr Beasley,,bearer,
obj1124,Obj1148,obj1124-s-1,ppl:dhos,David Hosack,,sender,
obj1124,Obj1148,obj1124-m-581,,Mr Gibbes,,intro,
obj1125,Obj1149,obj1125-s-1,ppl:jacham,James Chambers,,sender,
obj1125,Obj1149,obj1125-m-582,ppl:icarour,Mr Isaac Carour,,intro,
obj1126,Obj1150,obj1126-s-1,ppl:acu,"Amelia Curran,",,sender,
obj1126,Obj1150,obj1126-m-583,ppl:mrmathias,Mr Mathias,,,
obj1126,Obj1150,obj1126-m-584,,Mrs Jackson,,,
obj1126,Obj1150,obj1126-m-585,ppl:mmebel,Madame Bel,,,
obj1126,Obj1150,obj1126-m-586,ppl:msta,Mrs Starke,,bearer,
obj1127,Obj1151,obj1127-s-1,ppl:rmpatterson,Robert M. Patterson,,sender,
obj1127,Obj1151,obj1127-m-587,ppl:dcfb,Dr Charles Frederick Beck,,intro,
obj1128,Obj1152,obj1128-s-1,ppl:dhos,David Hosack,,sender,
obj1128,Obj1152,obj1128-m-588,ppl:dcfb,Charles Beck,,intro,
obj1128,Obj1152,obj1128-m-589,ppl:amdj,Moreau de Jonnes,,,
obj1128,Obj1152,obj1128-on-115,org:org_041,the Historical Society,,,
obj1129,Obj1153,obj1129-s-1,ppl:dhos,David Hosack,,sender,
obj1129,Obj1153,obj1129-m-590,ppl:daw,Dr Wagstaff,,intro,
obj1130,Obj1154,obj1130-s-1,ppl:jocham,John Chambers,,sender,
obj1130,Obj1154,obj1130-m-591,ppl:rlroche,Doctor La Roche,,intro,
obj1131,Obj1154,obj1131-s-1,ppl:dbw,DBW,,sender,
obj1131,Obj1154,obj1131-r-1,ppl:cpw,Campbell P. White,,recipient,
obj1131,Obj1154,obj1131-on-116,org:org_029,the Corporation of the City New York,,,
obj1132,Obj1155,obj1132-s-1,ppl:nhc,N. H. Carter,,sender,
obj1132,Obj1155,obj1132-m-592,,Mr Howard,,intro,
obj1132,Obj1155,obj1132-on-117,org:org_046,the Institute,,,
obj1133,Obj1156,obj1133-s-1,ppl:jjamis,J. J. Amis,,sender,
obj1133,Obj1156,obj1133-m-593,,Mr Howard,,intro,
obj1134,Obj1157,obj1134-s-1,ppl:nhc,N.H. Carter,,sender,
obj1134,Obj1157,obj1134-m-594,ppl:svrensselaer,Dr Van R,,,
obj1134,Obj1157,obj1134-m-595,ppl:jqa,Adams,,,
obj1134,Obj1157,obj1134-m-596,ppl:ajackson,Gen. Jackson,,,
obj1134,Obj1157,obj1134-m-597,ppl:mreckeford,Mr Eckeford,,,
obj1134,Obj1157,obj1134-on-118,org:org_057,Lyceum,,,
obj1134,Obj1157,obj1134-on-119,org:org_042,Horticulture Society,,,
obj1134,Obj1157,obj1134-m-598,ppl:mrrush,Mr Rush,,,
obj1134,Obj1157,obj1134-m-599,ppl:mrpachard,Mr Pachard,,,
obj1135,Obj1158,obj1135-s-1,ppl:avivien,Alexandre Vivien,,sender,
obj1136,Obj1159,obj1136-on-120,org:org_096,"Le Societe D’Agriculture, Sciences et Arts du Department de L’eure",,sender,
obj1137,Obj1160,obj1137-s-1,ppl:mrob,"Moncure Robinson,",,sender,
obj1137,Obj1160,obj1137-m-600,ppl:agall,Mr Gallatin,,,
obj1137,Obj1160,obj1137-m-601,ppl:rsaunders,Saunders,,,
obj1137,Obj1160,obj1137-m-602,ppl:nbidd,Mr Biddle [Nicholas Biddle,[Nicholas Biddle,,
obj1137,Obj1160,obj1137-m-603,ppl:rmpatterson,Mr Patterson [Robert M. Patterson],[Robert M. Patterson],,
obj1137,Obj1160,obj1137-m-605,ppl:jvau,Mr Vaughan,,,
obj1137,Obj1160,obj1137-m-606,ppl:gcfmr,Mr De Brony,,,
obj1138,Obj1161,obj1138-s-1,ppl:drm,"R Macdonnell [Dr Richard Macdonnell],",[Dr Richard Macdonnell],sender,
obj1138,Obj1161,obj1138-on-122,org:org_111,TCD,,,
obj1138,Obj1161,obj1138-on-123,org:org_003,the Academy of Sciences,,,
obj1138,Obj1161,obj1138-m-608,ppl:gcu,Cuvier,,,
obj1138,Obj1161,obj1138-m-609,ppl:shd,Sir H Davy,,,
obj1138,Obj1161,obj1138-m-610,ppl:mrsrmacdonnell,Mrs Macdonell,,,
obj1138,Obj1161,obj1138-m-611,ppl:_dwight,Dwight,,,
obj1139,Obj1162,obj1139-s-1,ppl:jbro,"James Brown,",,sender,
obj1139,Obj1162,obj1139-m-612,ppl:mrrush,Mr Rush,,,
obj1139,Obj1162,obj1139-m-613,ppl:mrshedelteon,Mr Shedelteon,,,
obj1140,Obj1163,obj1140-s-1,ppl:mjlbaugiour,M. J Laffette Baugiour [?],,sender,
obj1141,Obj1164,obj1141-s-1,ppl:jtb,"J. H. Buckingham,",,sender,
obj1141,Obj1164,obj1141-m-614,ppl:agall,Mr Gallatin,,,
obj1141,Obj1164,obj1141-m-615,ppl:jqa,Adams,,,
obj1141,Obj1164,obj1141-m-616,ppl:ajackson,Jackson,,,
obj1142,Obj1165,obj1142-s-1,ppl:rvm,Robert Mohl,,sender,
obj1143,Obj1166,obj1143-s-1,ppl:dbw,DBW,,sender,
obj1143,Obj1166,obj1143-r-1,org:org_049,l’intitution des S.M,,recipient,
obj1143,Obj1166,obj1143-m-617,ppl:slmi,"Dr Mitchell,",,,
obj1143,Obj1166,obj1143-on-124,org:org_027,the Committee d’Instruction de New York [New York Philosophical Soc?],,,
obj1144,Obj1167,obj1144-s-1,ppl:dbw,DBW,,sender,
obj1144,Obj1167,obj1144-r-1,ppl:bmitch,B. Mitchell,,recipient,
obj1144,Obj1167,obj1144-m-618,ppl:mrhale,Mr Hale,,,
obj1144,Obj1167,obj1144-on-125,org:org_098,Geographical society,,,
obj1145,Obj1168,obj1145-s-1,ppl:amo,"Anthony Morris,",,sender,
obj1145,Obj1168,obj1145-m-619,ppl:henryclay,Mr Clay,,,
obj1145,Obj1168,obj1145-m-620,ppl:sirjhall,Baron de Hall,,,
obj1145,Obj1168,obj1145-m-621,ppl:colwatson,Colonel Watson,,,
obj1145,Obj1168,obj1145-m-622,ppl:jbro,Mr Brown,,,
obj1146,Obj1169,obj1146-s-1,ppl:sidneymorse,Sidney Morse,,sender,
obj1146,Obj1169,obj1146-m-623,ppl:wwoodbr,Mr William Woodbridge,,,
obj1147,Obj1170,obj1147-s-1,ppl:nhc,N. H. Carter,,sender,
obj1147,Obj1170,obj1147-m-624,ppl:awclason,A. W Clason,,intro,
obj1148,Obj1171,obj1148-s-1,ppl:sfj,"Dr Samuel Jarvis,",,sender,
obj1148,Obj1171,obj1148-m-625,ppl:jbjohnston,J. B. Johnston,,,
obj1148,Obj1171,obj1148-m-626,ppl:mrlyman,Mr Lyman,,,
obj1149,Obj1172,obj1149-s-1,ppl:sfj,Dr Samuel Farmar Jarvis,,sender,
obj1149,Obj1172,obj1149-m-627,ppl:jbjohnston,Johnston,,,
obj1149,Obj1172,obj1149-m-628,ppl:tjefferson,Mr Jefferson,,,
obj1149,Obj1172,obj1149-on-126,org:org_046,the French Institute,,,
obj1150,Obj1173,obj1150-s-1,ppl:fpascalis,Felix Pascalis,,sender,
obj1150,Obj1173,obj1150-m-629,ppl:wkain,Mr William Kain,,intro,
obj1150,Obj1173,obj1150-m-630,ppl:nearnolt,Noel-Emilie Arnolt,,,
obj1151,Obj1174,obj1151-s-1,ppl:nnj,"Dr N. Niles,",,sender,
obj1151,Obj1174,obj1151-m-631,ppl:bhenry,Mr Henry,,,
obj1151,Obj1174,obj1151-m-632,ppl:jbidd,Captain Biddle,,,
obj1152,Obj1175,obj1152-s-1,ppl:amo,"Anthony Morris,",,sender,
obj1153,Obj1176,obj1153-s-1,ppl:jmea,James Mease,,sender,
obj1153,Obj1176,obj1153-on-127,org:org_098,Geographical Society,,,
obj1153,Obj1176,obj1153-m-633,ppl:rgr,Captain Gray,,,
obj1153,Obj1176,obj1153-on-128,org:org_098,Geographical Society,,,
obj1154,Obj1177,obj1154-s-1,ppl:ecollins,Eliza Collins,,sender,
obj1154,Obj1177,obj1154-m-634,ppl:mmedannonn,Madame d’Annonn,,,
obj1154,Obj1177,obj1154-m-635,ppl:lsb,Madame du Belloc,,,
obj1154,Obj1177,obj1154-m-636,ppl:mmedenis,Madame Denis,,,
obj1154,Obj1177,obj1154-m-637,ppl:mmeboidal,Madame Boidal,,,
obj1155,Obj1178,obj1155-s-1,ppl:nhc,N. H. Carter,,sender,
obj1155,Obj1178,obj1155-m-638,ppl:nnj,Dr Niles,,,
obj1155,Obj1178,obj1155-m-639,ppl:ajackson,General Jackson,,,
obj1156,Obj1179,obj1156-s-1,ppl:glm,Gilbert L Meason,,sender,
obj1156,Obj1179,obj1156-m-640,ppl:wascott,Sir Walter Scott,,,
obj1157,Obj1180,obj1157-s-1,ppl:mrnooth,Mr Nooth,,sender,
obj1157,Obj1180,obj1157-m-641,ppl:ccoquerel,Mr Charles Coquerel,,,
obj1157,Obj1180,obj1157-m-642,ppl:hmwilliams,Mrs H. M Williams,,,
obj1158,Obj1181,obj1158-s-1,ppl:dsheldon,D. Sheldon,,sender,
obj1158,Obj1181,obj1158-m-643,ppl:jbro,Mr Brown,,,
obj1158,Obj1181,obj1158-m-644,ppl:mrmirabel,Mr Mirabel,,,
obj1158,Obj1181,obj1158-on-129,org:org_046,the Institute,,,
obj1159,Obj1182,obj1159-s-1,ppl:bcon,Benjamin Constant,,sender,
obj1160,Obj1183,obj1160-s-1,ppl:lafayette,La Fayette,,sender,
obj1160,Obj1183,obj1160-m-645,ppl:epc,"Mrs Custis,",,,
obj1162,Obj1184,obj1162-on-130,org:org_103,Societe Royale des Antiquaires de France,,sender,
obj1163,Obj1185,obj1163-s-1,ppl:sfj,"Sam Farmar Jarvis,",,sender,
obj1164,Obj1186,obj1164-s-1,ppl:drm,Richard MacDonnell,,sender,
obj1164,Obj1186,add1164-o-001,org:org_111,Trinity College,,,
obj1164,Obj1186,obj1164-m-646,ppl:mrsavage,Mr Savage,,intro,
obj1164,Obj1186,obj1164-on-131,org:org_046,the Institute,,,
obj1165,Obj1187,obj1165-s-1,ppl:jbro,"James Brown,",,sender,
obj1165,Obj1187,obj1165-on-132,org:org_098,Geographical Society of France,,,
obj1166,Obj1188,obj1166-s-1,ppl:gti,"George Ticknor,",,sender,
obj1166,Obj1188,obj1166-m-a999,ppl:bagould,B.A. Gould,,intro,
obj1166,Obj1188,obj1166-m-647,ppl:jbl,Le Chevalier,,,
obj1167,Obj1189,obj1167-s-1,ppl:jbro,"James Brown,",,sender,
obj1168,Obj1190,obj1168-s-1,ppl:nnj,Dr N. Niles,,sender,
obj1169,Obj1191,obj1169-s-1,ppl:jrpoinsett,J. R. Poinsett,,sender,
obj1169,Obj1191,obj1169-m-648,ppl:francisjohnson,Mr Francis Johnson,,intro,
obj1170,Obj1192,obj1170-s-1,ppl:jfames,J.F. Ames,,sender,
obj1170,Obj1192,obj1170-m-649,ppl:twharris,Mr Harris,,intro,
obj1171,Obj1193,obj1171-on-133,org:org_048,John White & co,,sender,
obj1172,Obj1194,obj1172-s-1,ppl:jbro,"James Brown,",,sender,
obj1172,Obj1194,obj1172-m-650,ppl:marquisdemabais,Marquis de Mabais,,,
obj1173,Obj1195,obj1173-s-1,ppl:amo,Anthony Morris,,sender,
obj1173,Obj1195,obj1173-m-651,ppl:jgreen,Dr Jacob Green,,intro,
obj1174,Obj1196,obj1174-s-1,ppl:csu,"Charles Sumner,",,sender,
obj1174,Obj1196,obj1174-on-134,org:org_009,American Academy Boston,,,
obj1174,Obj1196,obj1174-on-135,org:org_046,Institute de France,,,
obj1174,Obj1196,obj1174-on-136,org:org_009,"the American Academy, Boston",,,
obj1174,Obj1196,obj1174-m-652,ppl:fcgray,Mr Gray,,,
obj1174,Obj1196,obj1174-m-653,ppl:mrsears,Mr Sears,,,
obj1174,Obj1196,obj1174-m-a999,ppl:mrssears,Mrs Sears,,,
obj1174,Obj1196,obj1174-m-654,ppl:nbow,Dr Bowditch,,,
obj1175,Obj1223,obj1175-s-1,ppl:jbro,"James Brown,",,sender,
obj1175,Obj1223,obj1175-m-655,ppl:wcoop,W Cooper,,,
obj1175,Obj1223,obj1175-m-656,,Mr Walkers,,,
obj1175,Obj1223,obj1175-m-657,ppl:sfj,Mr Jarvis,,,
obj1176,Obj1198,obj1176-s-1,ppl:jbro,"Mr Brown,",,sender,
obj1176,Obj1198,obj1176-m-658,ppl:wcoop,Mr Cooper [W Cooper],[W Cooper],,
obj1176,Obj1198,obj1176-m-659,,Mr Walker,,,
obj1177,Obj1199,obj1177-s-1,ppl:pdup,Peter S. Duponceau,,sender,
obj1177,Obj1199,obj1177-m-660,ppl:rwj,Mr Walsh,,,
obj1177,Obj1199,obj1177-on-138,org:org_046,the Institute,,,
obj1177,Obj1199,obj1177-on-139,org:org_003,the Academy of Sciences,,,
obj1177,Obj1199,obj1177-m-661,ppl:mbenon,M Benon,,,
obj1178,Obj1200,obj1178-m-662,ppl:dbw,DB Warden Esq,,,
obj1179,Obj1201,obj1179-on-140,org:org_048,John White & co.,,sender,
obj1179,Obj1201,obj1179-m-663,ppl:nbidd,M. Biddle,,,
obj1180,Obj1202,obj1180-s-1,ppl:jwfran,Dr John Francis,,sender,
obj1180,Obj1202,obj1180-m-664,ppl:jhone,John Hone,,intro,
obj1181,Obj1203,obj1181-s-1,,Le Maire de la Commune de Chailly,,sender,
obj1182,Obj1204,obj1182-s-1,ppl:dhos,David Hosack,,sender,
obj1182,Obj1204,obj1182-m-665,ppl:gcomme,Dr George Comme..,,intro,
obj1183,Obj1205,obj1183-s-1,ppl:drm,Richard MacDonnell,,sender,
obj1183,Obj1205,add1183-o-001,org:org_111,Trinity College,,,
obj1183,Obj1205,obj1183-m-666,ppl:mrsavage,Mr Savage,,,
obj1183,Obj1205,obj1183-m-667,ppl:dcfb,Dr Beck,,,
obj1183,Obj1205,obj1183-m-668,ppl:macdonnellj,MacDonnell,,,
obj1183,Obj1205,obj1183-on-142,org:org_091,Royal Irish Academy,,,
obj1184,Obj1206,obj1184-s-1,ppl:djs,John Stuart Skinner,,sender,
obj1184,Obj1206,obj1184-m-669,ppl:rmwalsh,R Walsh Esq,,intro,
obj1185,Obj1207,obj1185-s-1,ppl:jdf,"John D. Fisher,",,sender,
obj1185,Obj1207,obj1185-m-670,ppl:sgh,Dr Samuel G Howe,,,
obj1186,Obj1208,obj1186-s-1,ppl:nnj,Dr N Niles,,sender,
obj1187,Obj1209,obj1187-s-1,ppl:jbro,"James Brown,",,sender,
obj1188,Obj1210,obj1188-s-1,ppl:gbrul,George Brul,,sender,
obj1188,Obj1210,obj1188-on-143,org:org_011,"American Philosophical Society, Philadelphia",,,
obj1189,Obj1211,obj1189-s-1,ppl:mbs,"Mrs M. Harrison Smith,",,sender,
obj1189,Obj1211,obj1189-m-671,ppl:mrspichon,Madame Pichon,,,
obj1189,Obj1211,obj1189-m-672,ppl:mboyd,Mr M Boyd,,intro,
obj1189,Obj1211,obj1189-m-673,ppl:whcrawford,Mr Crawford,,,
obj1189,Obj1211,obj1189-m-674,ppl:bcon,Mr Benjamin Constant,,,
obj1189,Obj1211,obj1189-m-675,ppl:tjefferson,Jefferson,,,
obj1189,Obj1211,obj1189-m-676,ppl:epc,Mrs Custis,,,
obj1190,Obj1212,obj1190-s-1,ppl:jbro,"Mr Brown,",,sender,
obj1190,Obj1212,obj1190-m-677,ppl:drcalwell,Rev. Dr Calwell,,intro,
obj1191,Obj1213,obj1191-s-1,ppl:jdf,"John D. Fisher,",,sender,
obj1191,Obj1213,obj1191-m-678,ppl:jostorrey,Revd. Professor Turrey [Revd. Professor Torrey],[Revd. Professor Torrey],intro,
obj1192,Obj1214,obj1192-s-1,ppl:dhos,David Hosack,,sender,
obj1192,Obj1214,obj1192-m-679,ppl:revgriffen,Rev. Mr Griffen,,intro,
obj1193,Obj1215,obj1193-s-1,ppl:rjhs,"J.H. Singer,",,sender,
obj1193,Obj1215,obj1193-on-144,org:org_091,"Royal Irish Academy, Dublin",,,
obj1194,Obj1216,obj1194-s-1,ppl:jvdstenp,Jer. Van [dstenpselau?],,sender,
obj1194,Obj1216,obj1194-on-145,org:org_057,Lyceum of National history,,,
obj1194,Obj1216,obj1194-m-680,ppl:whoward,Dr Howard,,,
obj1195,Obj1217,obj1195-s-1,ppl:gira,"Girard,",,sender,
obj1195,Obj1217,obj1195-on-146,org:org_098,"Societe Georgraphie, Paris",,,
obj1196,Obj1218,obj1196-s-1,ppl:drmorier,D. R. Morier,,sender,
obj1197,Obj1219,obj1197-s-1,ppl:dbw,DBW,,sender,
obj1197,Obj1219,obj1197-r-1,,M. le Redacteur de Nouveau Journal de Paris,,recipient,
obj1198,Obj1220,obj1198-s-1,ppl:jbro,"[James] Brown,",,sender,
obj1198,Obj1220,obj1198-m-681,ppl:jccabell,Cabel,,,
obj1199,Obj1221,obj1199-s-1,ppl:jbro,James Brown,,sender,
obj1199,Obj1221,obj1199-m-682,ppl:jasp,Mr Sparks,,,
obj1200,Obj1222,obj1200-s-1,ppl:jbro,"James Brown,",,sender,
obj1200,Obj1222,obj1200-m-683,ppl:annbiddle,Mrs Biddle,,,
obj1202,Obj1223,obj1202-s-1,ppl:dbw,DBW,,sender,
obj1202,Obj1223,obj1202-r-1,ppl:ajackson,General Andrew Jackson,,recipient,
obj1202,Obj1223,obj1202-m-684,ppl:mrskipworth,Mr Skipworth,,,
obj1202,Obj1223,obj1202-m-685,ppl:icbarnet,Mr Barnet,,,
obj1203,Obj1224,obj1203-s-1,ppl:mrob,"Moncure Robinson,",,sender,
obj1203,Obj1224,obj1203-m-686,ppl:ajackson,General Jackson,,,
obj1203,Obj1224,obj1203-m-687,ppl:jccabell,Mr Cabell,,,
obj1203,Obj1224,obj1203-m-688,ppl:jmg,Glassel,,,
obj1203,Obj1224,obj1203-m-689,ppl:majorcrutchfield,Major Crutchfield,,,
obj1203,Obj1224,obj1203-m-690,ppl:nhc,Carter,,,
obj1203,Obj1224,obj1203-m-691,ppl:dunsbradford,Bradford,,,
obj1203,Obj1224,obj1203-m-692,ppl:rwj,Mr Walsh,,,
obj1204,Obj1225,obj1204-s-1,ppl:_clark,Clark,,,
obj1204,Obj1225,obj1204-on-147,org:org_097,Societe d’Encouragement pur l’industrie nationale,,sender,
obj1205,Obj1226,obj1205-s-1,ppl:jqt,"Josiah Quincey,",,sender,
obj1205,Obj1226,,,Harvard College,,,
obj1205,Obj1226,obj1205-m-693,ppl:ejlewell,E. J. Lewell,,,
obj1205,Obj1226,obj1205-m-694,ppl:bpierce,B Pierce,,,
obj1205,Obj1226,obj1205-m-695,ppl:jeworcester,Joseph E Worcester,,,
obj1205,Obj1226,obj1205-m-696,ppl:jfarmer,John Farmer,,,
obj1205,Obj1226,obj1205-m-697,ppl:jausten,James Austen,,,
obj1205,Obj1226,obj1205-m-698,ppl:jwwebster,Professor Webster,,,
obj1205,Obj1226,obj1205-m-699,ppl:ejlowell,E.J. Lowell,,,
obj1205,Obj1226,obj1205-m-700,ppl:proffarrar,Professor Farrar,,,
obj1205,Obj1226,obj1205-m-701,ppl:cfobrar,Charles Fobrar,,,
obj1205,Obj1226,obj1205-m-702,ppl:bhol,Bart. Holmes,,,
obj1205,Obj1226,obj1205-m-703,ppl:wvaughan,William Vaughan,,,
obj1206,Obj1227,obj1206-s-1,ppl:jmea,James Mease,,sender,
obj1206,Obj1227,obj1206-m-704,ppl:hroulst,Henry Roulston,,,
obj1206,Obj1227,obj1206-m-705,ppl:jdob,Mr Dobson,,,
obj1206,Obj1227,obj1206-m-706,ppl:jqa,John Q Adams,,,
obj1207,Obj1228,obj1207-s-1,ppl:trbeck,J. Romeyn Beck,,sender,
obj1207,Obj1228,obj1207-on-148,org:org_008,the Albany Institute,,,
obj1208,Obj1229,obj1208-s,ppl:dbw,DBW,,sender,
obj1208,Obj1229,obj1208-s-1,ppl:nhc,Mr Carter,,recipient,
obj1209,Obj1230,obj1209-s,ppl:dbw,DBW,,sender,
obj1209,Obj1230,obj1209-s-1,ppl:mritch,M Ritchie,,recipient,
obj1209,Obj1230,obj1209-on-149,org:org_054,London University,,,
obj1209,Obj1230,obj1209-on-150,org:org_120,Virginia University,,,
obj1210,Obj1231,obj1210-s-1,ppl:jdf,"John D. Fisher,",,sender,
obj1210,Obj1231,obj1210-m-707,ppl:jbjackson,J.B. Jackson,,intro,
obj1210,Obj1231,obj1210-m-708,ppl:wbra,Mr Bradford,,,
obj1211,Obj1232,obj1211-s-1,ppl:gti,"George Ticknor,",,sender,
obj1211,Obj1232,obj1211-m-709,ppl:hlodge,Henry Lodge,,intro,
obj1212,Obj1233,obj1212-s-1,ppl:dhos,David Hosack,,sender,
obj1212,Obj1233,obj1212-m-710,ppl:wbogden,Dr Ogden,,intro bearer,
obj1213,Obj1234,obj1213-s-1,ppl:nweb,"Noah Webster,",,sender,
obj1213,Obj1234,obj1213-m-711,,Captain Clark,,bearer,
obj1213,Obj1234,obj1213-on-151,org:org_046,the Institute,,,
obj1214,Obj1235,obj1214-s-1,ppl:ncar,"Nicholas Carlisle,",,sender,
obj1214,Obj1235,obj1214-on-152,org:org_106,"Society of Antiquities, London",,,
obj1215,Obj1236,obj1215-s-1,ppl:epc,Eliza Parke Custis,,sender,
obj1215,Obj1236,obj1215-m-712,ppl:gjd,General Devereux,,,
obj1215,Obj1236,obj1215-m-713,ppl:lafayette,LaFayette,,,
obj1216,Obj1237,obj1216-s-1,ppl:wsampson,William Sampson,,sender,
obj1216,Obj1237,obj1216-m-714,ppl:wtwtone,William Wolfe Tone,,,
obj1216,Obj1237,obj1216-m-715,ppl:csa,Catherine Sampson Tone,,,
obj1216,Obj1237,obj1216-m-a999,ppl:ggtone,Miss Grace Georgiana Tone,,,
obj1216,Obj1237,obj1216-m-716,ppl:mtone,Mathilda Tone Wilson,,,
obj1216,Obj1237,obj1216-m-717,ppl:ajackson,[Andrew Jackson],,,
obj1217,Obj1238,obj1217-s-1,ppl:jwfran,Dr John W. Francis,,sender,
obj1217,Obj1238,obj1217-m-718,ppl:djmc,Dr Joseph M. Cloud,,intro,
obj1218,Obj1239,obj1218-s-1,ppl:jhos,John Hosack,,sender,
obj1219,Obj1240,obj1219-s-1,ppl:fbloodgood,"Bloodgood,",,sender,
obj1219,Obj1240,obj1219-m-720,ppl:dcporter,Mr D. C Porter,,,
obj1221,Obj1242,obj1221-s-1,ppl:fbloodgood,"Mr Bloodgood,",,sender,
obj1222,Obj1243,obj1222-s-1,ppl:dbw,DBW,,sender,
obj1222,Obj1243,obj1222-r-1,ppl:cst,Major Thayer,,recipient,
obj1222,Obj1243,obj1222-m-721,ppl:tgc,Mr Clemson,,,
obj1222,Obj1243,obj1222-m-722,ppl:pjr,Robiquet,,,
obj1222,Obj1243,obj1222-m-723,ppl:ajackson,[Andrew Jackson],,,
obj1222,Obj1243,obj1222-m-724,ppl:tjefferson,Jefferson,,,
obj1223,Obj1244,obj1223-s-1,ppl:dbw,DBW,,sender,
obj1223,Obj1244,obj1223-r-1,ppl:dhos,Dr Hosack,,recipient,
obj1223,Obj1244,obj1223-m-725,ppl:wbogden,Dr Ogden,,,
obj1224,Obj1245,obj1224-s-1,ppl:dbw,DBW,,sender,
obj1224,Obj1245,obj1224-r-1,ppl:twharris,Dr Harris,,recipient,
obj1224,Obj1245,obj1224-on-153,org:org_098,Geographical Society of Paris,,,
obj1224,Obj1245,obj1224-on-154,org:org_018,Boston Academy of Science and Arts,,,
obj1224,Obj1245,obj1224-m-726,ppl:cwalker,Dr Charles Walker,,,
obj1225,Obj1246,obj1225-s-1,ppl:dbw,DBW,,sender,
obj1225,Obj1246,obj1225-r-1,ppl:mvb,Martin van Buren,,recipient,
obj1226,Obj1247,obj1226-s-1,ppl:pdup,Peter Deponceau,,sender,
obj1226,Obj1247,obj1226-m-727,ppl:rmwalsh,R. M. Walsh,,intro,
obj1227,Obj1248,obj1227-s-1,ppl:jkb,"James Kennedy Blair,",,sender,
obj1228,Obj1249,obj1228-on-155,org:org_048,John White & co.,,sender,
obj1229,Obj1250,obj1229-s-1,ppl:dhos,David Hosack,,sender,
obj1229,Obj1250,obj1229-m-728,ppl:samward,Dr Ward,,intro,
obj1230,Obj1251,obj1230-s-1,ppl:dhos,David Hosack,,sender,
obj1230,Obj1251,obj1230-m-729,ppl:dgsb,Dr Bedford,,,
obj1230,Obj1251,obj1230-m-730,ppl:dgsb,Dr Gunning S Bedford],,,
obj1230,Obj1251,obj1230-m-731,ppl:wcr,Mr Rives,,,
obj1231,Obj1252,obj1231-s-1,ppl:jwfran,Dr Francis,,sender,
obj1231,Obj1252,obj1231-m-732,ppl:dgsb,Dr Gunning S Bedford,,intro,
obj1232,Obj1253,obj1232-s-1,ppl:wcr,"Mr Rives [William Cabell Rives],",[William Cabell Rives],sender,
obj1233,Obj1254,obj1233-s-1,ppl:epc,Eliza Parke Custis,,sender,
obj1233,Obj1254,obj1233-m-733,ppl:wradair,Mr W. R. Adair,,intro,
obj1233,Obj1254,obj1233-m-734,ppl:lafayette,LaFayette,,,
obj1234,Obj1255,obj1234-s-1,ppl:rbidd,Richard Biddle,,sender,
obj1234,Obj1255,obj1234-on-156,org:org_016,The King’s Library at Paris [Bibliotheque du Roi],,,
obj1235,Obj1256,obj1235-s-1,ppl:dbw,DBW,,sender,
obj1235,Obj1256,obj1235-r-1,ppl:jbro,Mr Brown,,recipient,
obj1236,Obj1257,obj1236-s-1,ppl:jqt,President Josiah Quincy,,sender,
obj1236,Obj1257,obj1236-on-157,org:org_040,Harvard University,,,
obj1236,Obj1257,obj1236-m-735,ppl:rvm,Prof Mohl,,,
obj1236,Obj1257,obj1236-m-736,ppl:_jubringen,Jubringen,,,
obj1237,Obj1258,obj1237-s-1,ppl:jtduane,J. T. Duane,,sender,
obj1237,Obj1258,obj1237-m-737,ppl:mrmyres,Mr Myres,,,
obj1238,Obj1259,obj1238-s-1,ppl:wbogden,Dr Ogden,,sender,
obj1238,Obj1259,obj1238-on-158,org:org_035,Franklin Institute of Philadelphia,,,
obj1239,Obj1260,obj1239-s-1,ppl:jpar,"J. P Abel Remusat [Jean-Pierre Abel Remusat],",[Jean-Pierre Abel Remusat],sender,
obj1239,Obj1260,obj1239-pl-729,,Bibliothque du Roi,,,
obj1240,Obj1261,obj1240-s-1,ppl:wirv,"Washington Irving,",,sender,
obj1240,Obj1261,obj1240-m-738,ppl:mrmccay,Mr McCay,,bearer,
obj1242,Obj1262,obj1242-s-1,ppl:lafayette,LaFayette,,sender,
obj1242,Obj1262,obj1242-m-739,ppl:djs,Mr Skinner,,,
obj1242,Obj1262,obj1242-on-159,org:org_098,Geographical Society,,,
obj1243,Obj1263,obj1243-s-1,ppl:_legendre,Legendre,,sender,
obj1243,Obj1263,obj1243-m-740,ppl:nbow,Mr Bowditch,,,
obj1244,Obj1264,obj1244-s-1,ppl:rbidd,Richard Biddle,,sender,
obj1244,Obj1264,obj1244-m-741,ppl:_gowan,Gowan,,,
obj1244,Obj1264,obj1244-m-742,ppl:fmarx,Marx,,,
obj1245,Obj1264,obj1245-s-1,ppl:jcox,John Cox,,sender,
obj1245,Obj1264,obj1245-m-743,ppl:jjjacotot,Mr Jacotot [Joseph Jacotot],[Joseph Jacotot],,
obj1245,Obj1264,obj1245-m-744,ppl:mrsepres,Mr Sepres,,,
obj1246,Obj1265,obj1246-s-1,ppl:amo,"Anthony Morris,",,sender,
obj1246,Obj1265,obj1246-m-745,ppl:cej,Mr Charles Ellet,,,
obj1247,Obj1266,obj1247-s-1,ppl:mrob,"Moncure Robinson,",,sender,
obj1247,Obj1266,obj1247-m-746,ppl:jvp,your friend the librarian,,,
obj1247,Obj1266,obj1247-on-160,org:org_016,Bibliotheque Royale,,,
obj1248,Obj1267,obj1248-s-1,ppl:jhp,"John Howard Payne,",,sender,
obj1248,Obj1267,obj1248-m-747,ppl:mrgleason,Mr Gleason,,,
obj1249,Obj1268,obj1249-on-161,org:org_092,The Royal Norse Antiquarian Society,,sender,
obj1250,Obj1269,obj1250-s-1,ppl:rhcabell,R.H Cabell,,sender,
obj1250,Obj1269,obj1250-m-748,ppl:fmarx,Mr Frederick Marx,,intro,
obj1250,Obj1269,obj1250-m-749,ppl:misscmarx,Miss C. Marx,,,
obj1250,Obj1269,obj1250-m-a999,ppl:jmcabell,Mrs Cabell,,,
obj1250,Obj1269,obj1250-m-750,ppl:jccabell,Mr Joseph Cabell,,,
obj1250,Obj1269,obj1250-m-751,ppl:mbs,Mrs Smith,,,
obj1251,Obj1270,obj1251-on-162,org:org_099,"Societe Francaise de Statistique Universelle,",,sender,
obj1252,Obj1271,obj1252-s-1,ppl:dgsb,"G. J. Bedford,",,sender,
obj1253,Obj1272,obj1253-s-1,ppl:tws,"Thomas Storrow,",,sender,
obj1253,Obj1272,obj1253-m-752,ppl:wirv,Mr Washington Irving,,,
obj1253,Obj1272,obj1253-m-753,ppl:css,Brother Charles,,,
obj1254,Obj1273,obj1254-s-1,ppl:jmea,James Mease,,sender,
obj1254,Obj1273,obj1254-on-163,org:org_052,Literary Society of Lubbe,,,
obj1254,Obj1273,obj1254-on-164,org:org_098,Geographical Society,,,
obj1254,Obj1273,obj1254-m-754,ppl:mrdubouchet,"Mr Dubouchet,",,,
obj1254,Obj1273,obj1254-m-a999,ppl:kingsaoboso,King Botswain [King Sao Boso],[King Sao Boso],,
obj1254,Obj1273,obj1254-m-755,ppl:jffish,Joshua Francis Fisher,,bearer,
obj1254,Obj1273,obj1254-m-756,ppl:sao,Alleyne Otis,,,
obj1254,Obj1273,obj1254-m-757,ppl:hgo,Mr Harrison Gray Otis,,,
obj1255,Obj1274,obj1255-s-1,ppl:cpw,"Campbell P. White,",,sender,
obj1255,Obj1274,obj1255-m-758,ppl:jroose,James Roosevelt Jr,,intro,
obj1256,Obj1275,obj1256-s-1,ppl:jcw,John C. White,,sender,
obj1257,Obj1276,obj1257-s-1,ppl:dbw,DBW,,sender,
obj1257,Obj1276,obj1257-r-1,,Director of the Revue des Deux Mondes,,recipient,
obj1257,Obj1276,obj1257-m-759,ppl:tjefferson,President Jefferson,,,
obj1257,Obj1276,obj1257-m-760,ppl:jbarlow,M. Barlow,,,
obj1257,Obj1276,obj1257-m-761,ppl:hbmaret,Duke de Bassano,,,
obj1257,Obj1276,obj1257-m-762,ppl:whcrawford,Mr. Crawford,,,
obj1257,Obj1276,obj1257-m-763,ppl:akourakin,Prince Kourakin,,,
obj1257,Obj1276,obj1257-m-764,ppl:ajackson,General Jackson,,,
obj1258,Obj1277,obj1258-s-1,ppl:jasp,"Jared Sparks,",,sender,
obj1258,Obj1277,obj1258-m-765,ppl:ddb,D.D. Bernard,,intro,
obj1258,Obj1277,obj1258-on-166,org:org_114,Congress,,,
obj1259,Obj1278,obj1259-s-1,ppl:eag,Eliza Godefroy,,sender,
obj1259,Obj1278,obj1259-m-766,ppl:djc,My dear father,,,
obj1259,Obj1278,obj1259-m-767,ppl:mgod,Godefroy,,,
obj1259,Obj1278,obj1259-m-768,ppl:_maxime,Maxime,,,
obj1259,Obj1278,obj1259-m-769,ppl:jdp,"Polinac (sic) [Jules de Polignac, Count of Polignac]","[Jules de Polignac, Count of Polignac]",,
obj1260,Obj1279,obj1260-s-1,ppl:glm,Gilbert L. Meason,,sender,
obj1260,Obj1279,obj1260-m-770,ppl:mrcreighton,Mr Creighton,,,
obj1260,Obj1279,obj1260-on-167,org:org_050,library of Congress,,,
obj1260,Obj1279,obj1260-m-771,ppl:pthomson,Pinkey Thomso.n,,,
obj1260,Obj1279,obj1260-on-168,org:org_125,William and Mary College,,,
obj1260,Obj1279,obj1260-m-772,ppl:genmacomb,General Macomb,,,
obj1260,Obj1279,obj1260-m-773,,James,,,
obj1260,Obj1279,obj1260-m-774,,miss C,,,
obj1260,Obj1279,obj1260-m-775,ppl:mmason,Murray Mason,,,
obj1261,Obj1280,obj1261-s-1,ppl:epc,Eliza Parke Custis,,sender,
obj1261,Obj1280,obj1261-m-776,ppl:icbarnet,Mr Barnet,,,
obj1261,Obj1280,obj1261-m-777,ppl:jmonroe,Mr Monroe,,,
obj1261,Obj1280,obj1261-m-778,ppl:bsbernard,General Bernard,,bearer,
obj1261,Obj1280,obj1261-m-779,ppl:lafayette,General Lafayette,,,
obj1263,Obj1281,obj1263-s-1,ppl:ags,"Alban G. Smith,",,sender,
obj1263,Obj1281,obj1263-m-780,ppl:nnj,Niles,,,
obj1264,Obj1282,obj1264-s-1,ppl:jhowa,Joseph Howard,,sender,
obj1264,Obj1282,obj1264-m-781,ppl:gburgess,Mr George Burgess,,intro,
obj1265,Obj1282,obj1265-s-1,ppl:eag,Eliza Godefroy,,sender,
obj1265,Obj1282,obj1265-m-782,ppl:eag,Madame Godefroy,,,
obj1265,Obj1282,obj1265-m-783,ppl:gjd,General Devereux,,,
obj1265,Obj1282,obj1265-m-784,ppl:jdp,Polignac,,,
obj1265,Obj1282,obj1265-m-785,ppl:mgod,Maxime [Godefroy],,,
obj1266,Obj1283,obj1266-s-1,ppl:dhos,David Hosack,,sender,
obj1266,Obj1283,obj1266-m-786,ppl:wgraces,William [Graces],,intro,
obj1266,Obj1283,obj1266-m-787,ppl:dwclinton,Gov Clinton,,,
obj1267,Obj1284,obj1267-s-1,ppl:eag,Elizabeth Godefroy,,sender,
obj1267,Obj1284,obj1267-m-788,ppl:gjd,Devereux,,,
obj1268,Obj1285,obj1268-s-1,ppl:jcw,"John Campbell White,",,sender,
obj1269,Obj1286,obj1269-s-1,ppl:wsha,"William Shaler,",,sender,
obj1269,Obj1286,obj1269-m-789,ppl:hcleveland,Mr Henry Cleveland,,,
obj1269,Obj1286,obj1269-on-169,org:org_040,[Harvard],,,
obj1270,Obj1287,obj1270-s-1,ppl:epc,Eliza Parke Custis,,sender,
obj1270,Obj1287,obj1270-m-790,ppl:icbarnet,Mr Barnet,,,
obj1270,Obj1287,obj1270-m-791,ppl:gjd,General Devereux,,,
obj1270,Obj1287,obj1270-m-792,ppl:chbarnet,Charles Barnet,,,
obj1270,Obj1287,obj1270-m-793,ppl:nnj,Nathaniel Niles,,,
obj1270,Obj1287,obj1270-m-794,ppl:wmacneven,Dr MacNeven,,,
obj1270,Obj1287,obj1270-m-795,ppl:lafayette,General LaFayette,,,
obj1270,Obj1287,obj1270-m-797,ppl:_bernicica,Bernicica,,,
obj1270,Obj1287,obj1270-m-798,ppl:_gerardlableau,Gerard-lableau,,,
obj1270,Obj1287,obj1270-m-800,ppl:wmacneven,Dr McNeven,,,
obj1270,Obj1287,obj1270-m-801,ppl:mrsjones,Mrs Jones,,,
obj1270,Obj1287,obj1270-m-802,ppl:eleanorpclewis,[Eleanor Parke Custis] Lewis,,,
obj1271,Obj1288,obj1271-s-1,ppl:jav,J. Ventras,,sender,
obj1271,Obj1288,obj1271-m-803,ppl:whaven,Mr Wallace Haven,,intro,
obj1271,Obj1288,obj1271-m-804,,Johnson,,,
obj1271,Obj1288,obj1271-m-805,ppl:icbarnet,Barnett,,,
obj1271,Obj1288,obj1271-m-806,ppl:gcv,Mr Verplanck,,,
obj1272,Obj1289,obj1272-s-1,ppl:apor,"Alexander Porter,",,sender,
obj1272,Obj1289,obj1272-m-807,ppl:mrclairborne,Mr Clairborne,,intro,
obj1273,Obj1290,obj1273-s-1,ppl:pdup,Peter Deponceau,,sender,
obj1273,Obj1290,obj1273-m-808,ppl:gbbrown,Dr G. B. Brown,,intro,
obj1274,Obj1291,obj1274-s-1,ppl:epc,Eliza Parke Custis,,sender,
obj1274,Obj1291,obj1274-m-809,ppl:lafayette,LaFayette,,,
obj1274,Obj1291,obj1274-m-810,ppl:tlaw,Mr Law,,,
obj1274,Obj1291,obj1274-m-811,ppl:bsbernard,General Bernard,,,
obj1275,Obj1292,obj1275-s-1,ppl:jdf,"John D. Fisher,",,sender,
obj1275,Obj1292,obj1275-m-812,ppl:jjack,James Jackson Jr,,intro,
obj1275,Obj1292,obj1275-m-813,ppl:gan,Dr Andral,,,
obj1276,Obj1293,obj1276-s-1,ppl:jwfran,Dr John Francis,,sender,
obj1276,Obj1293,obj1276-m-814,ppl:mr_thompson,Mr Thompson,,intro,
obj1277,Obj1294,obj1277-s-1,ppl:wsampson,William Sampson,,sender,
obj1277,Obj1294,obj1277-m-815,ppl:ceanderson,Mr Charles E. Anderson,,intro,
obj1277,Obj1294,obj1277-m-816,ppl:lafayette,Lafayette,,,
obj1278,Obj1295,obj1278-s-1,ppl:jbu,"Jessie Buel,",,sender,
obj1278,Obj1295,obj1278-m-817,ppl:mnoisette,M. Noisette,,,
obj1278,Obj1295,obj1278-m-818,ppl:gcv,[Verplanck],,,
obj1278,Obj1295,obj1278-m-819,ppl:mrhammond,Mr Hammond,,bearer intro,
obj1278,Obj1295,obj1278-on-170,org:org_099,the Society of Universal Statistics,,,
obj1279,Obj1296,obj1279-s-1,ppl:kap,"Charles Sealsfield [Karl Anton Postl],",Charles Sealsfield,sender,
obj1279,Obj1296,obj1279-m-820,ppl:ajackson,Jackson,,,
obj1279,Obj1296,obj1279-m-821,ppl:jccalhoun,Calhoun,,,
obj1279,Obj1296,obj1279-m-822,ppl:henryclay,Clay,,,
obj1279,Obj1296,obj1279-m-823,ppl:mmn,Mr Noah [Mordecai Manuel Noah],[Mordecai Manuel Noah],,
obj1279,Obj1296,obj1279-m-a999,ppl:ndenver,Nan Denver,,,
obj1279,Obj1296,obj1279-m-824,ppl:jbu,Mr Buel[?],,,
obj1279,Obj1296,obj1279-m-825,,Mr Stewart,,,
obj1280,Obj1297,obj1280-s-1,ppl:sgh,Dr Howe,,sender,
obj1280,Obj1297,obj1280-m-826,ppl:dei,Doctor Ives,,intro,
obj1281,Obj1298,obj1281-s-1,ppl:jbstevenson,Dr Stevenson,,sender,
obj1281,Obj1298,obj1281-m-827,ppl:drm,Dr Macdonnell,,intro,
obj1281,Obj1298,obj1281-on-171,org:org_002,Academy of Insenstions and Belles Letrres,,,
obj1281,Obj1298,obj1281-m-828,ppl:gcv,G.C. Verplanck,,,
obj1282,Obj1299,obj1282-s-1,ppl:djs,"Dr John Stuart Skinner,",,sender,
obj1282,Obj1299,obj1282-m-829,ppl:wchild,William Child,,intro,
obj1283,Obj1300,obj1283-s-1,ppl:glm,Gilbert Meason,,sender,
obj1283,Obj1300,obj1283-m-830,ppl:humboldt,Humboldt,,,
obj1283,Obj1300,obj1283-m-831,ppl:jplay,Prof Playfair,,,
obj1284,Obj1301,obj1284-s-1,ppl:jasp,"Jared Sparks,",,sender,
obj1284,Obj1301,obj1284-m-832,ppl:proffarrar,Professor Farrar,,intro,
obj1284,Obj1301,add1284-o-001,org:org_040,Harvard,,,
obj1285,Obj1302,obj1285-s-1,ppl:gti,"George Ticknor,",,sender,
obj1285,Obj1302,obj1285-m-833,ppl:mrfrazer,Mr Frazer,,intro,
obj1286,Obj1303,obj1286-s-1,ppl:lafayette,Lafayette,,sender,
obj1286,Obj1303,obj1286-m-834,ppl:wlivingston,Governor Livington,,,
obj1287,Obj1304,obj1287-s-1,ppl:rbidd,Richard Biddle,,sender,
obj1288,Obj1305,obj1288-s-1,ppl:ags,Dr A. G. Smith,,sender,
obj1288,Obj1305,obj1288-m-835,ppl:henryclay,Mr Clay,,,
obj1288,Obj1305,obj1288-m-836,ppl:nnj,Niles,,,
obj1288,Obj1305,obj1288-m-837,ppl:_simpson,Simpson,,,
obj1288,Obj1305,obj1288-m-838,ppl:wcr,Rives,,,
obj1288,Obj1305,obj1288-on-172,org:org_005,Academy of Medicine,,,
obj1288,Obj1305,obj1288-on-173,org:org_036,Franklin Medical College at Wheeling Virginia,,,
obj1288,Obj1305,obj1288-m-839,ppl:mrcorin,Mr Corin,,,
obj1289,Obj1306,obj1289-s-1,ppl:gord,"G. Ord,",,sender,
obj1289,Obj1306,obj1289-m-840,ppl:brong,Mr Brongniart,,,
obj1289,Obj1306,obj1289-m-841,ppl:jvau,Mr Vaughan,,,
obj1290,Obj1307,obj1290-s-1,ppl:pdboisjostin,P. D’a Boisjostin,,sender,
obj1291,Obj1308,obj1291-s-1,ppl:jasp,"Jared Sparks,",,sender,
obj1291,Obj1308,obj1291-m-842,ppl:jeworcester,Mr J. E. Worcester,,intro,
obj1292,Obj1309,obj1292-s-1,ppl:jbro,James Brown,,sender,
obj1292,Obj1309,obj1292-m-843,ppl:wfr,Mr William Ritchie,,intro,
obj1293,Obj1310,obj1293-s-1,ppl:johntownsend,"Dr J Townsend [john Townsend],",[john Townsend],sender,
obj1293,Obj1310,obj1293-m-844,ppl:ditj,Dr Isaiah Townsend,,,
obj1293,Obj1310,obj1293-m-845,ppl:icbarnet,Barnett,,,
obj1293,Obj1310,obj1293-m-846,ppl:mvb,van Buren,,,
obj1294,Obj1311,obj1294-s-1,ppl:rmpatterson,R. M. Patterson,,sender,
obj1294,Obj1311,obj1294-on-175,org:org_117,University of Virginia,,,
obj1294,Obj1311,obj1294-m-847,ppl:gjjaneway,Dr George J. Janeway,,intro,
obj1295,Obj1312,obj1295-s-1,ppl:gws,"General Winfield Scott,",,sender,
obj1295,Obj1312,obj1295-m-848,ppl:wfr,William F. Ritchie,,intro,
obj1296,Obj1313,obj1296-s-1,ppl:gti,"George Ticknor,",,sender,
obj1297,Obj1314,obj1297-on-176,org:org_048,John White and co,,sender,
obj1297,Obj1314,obj1297-m-849,ppl:gcv,Mr Verplanck,,,
obj1298,Obj1315,obj1298-s-1,ppl:rbidd,Richard Biddle,,sender,
obj1298,Obj1315,obj1298-m-850,ppl:lordnorth,Lord North,,,
obj1298,Obj1315,obj1298-m-851,ppl:wtfrank,W. Temple Franklin,,,
obj1298,Obj1315,obj1298-m-852,ppl:tjefferson,Jefferson,,,
obj1299,Obj1316,obj1299-s-1,ppl:jtenna,Dr J Tennant,,sender,
obj1299,Obj1316,obj1299-on-177,org:org_090,Royal Institution of Belfast,,,
